Distance_(microns),svbint,krint,svb,mlptint,eve-en,cad,kr,mlpt,gt
0,288.721519,120.0189873,334.6455696,175.5759494,228.7594937,127.7531646,200.2721519,229.2974684,193.8417722
1,289.6075949,126.9113924,336.5443038,171.9746835,235.7911392,132.721519,200.9303797,229.1202532,192.778481
2,284.1375,127.64375,338.65625,165.7375,247.2625,132.00625,196.30625,226.1375,189.05
3,278.2875,123.96875,343.4875,165.725,265.7375,129.5875,194.875,219.71875,190.3625
4,260.2592593,120.9135802,336.0493827,163.7839506,274.7222222,126.6111111,194.4012346,211.9135802,190.7839506
5,265.2147239,121.4662577,329.3496933,165,283.2883436,129.3312883,197.0858896,212.202454,194.3558282
6,290.9135802,122.7283951,332.1851852,166.5740741,302.2839506,132.8395062,203.5987654,210.4259259,199.7962963
7,309.2453988,125.5398773,337.1165644,164.7852761,330.2515337,131.809816,201.4478528,204.8343558,200.4539877
8,315.993865,127.9570552,340.404908,162.6871166,362.8220859,134.7300613,194.5092025,202.7607362,198.9631902
9,309.3865031,130.8957055,332.1411043,160.3496933,388.0552147,137.0368098,193.5092025,197.006135,197.404908
10,299.1036585,134.5792683,325.9939024,160.0060976,387.7682927,135.2743902,195.4634146,191.3719512,195.5365854
11,291.5644172,132.7300613,321.6932515,160.7791411,375.8220859,136.0736196,201.9754601,188.8159509,193.8650307
12,278.4662577,130.5337423,316.809816,161.0429448,366.0429448,139.3619632,203.5460123,187.3435583,192.9509202
13,272.4417178,136.3865031,315.6687117,159.202454,360.2515337,141.803681,202.3067485,185.7423313,193.1104294
14,273.8527607,143.1411043,315.2453988,157.0245399,350.4785276,138.2883436,203.0674847,181.7791411,189.4662577
15,275.791411,146.7239264,316.6687117,157.1595092,338.9877301,134.1656442,211.5153374,178.5276074,187.1717791
16,289.2822086,140.7852761,313.4233129,158.9018405,331.4601227,132.8957055,213.8159509,178.4846626,187.0245399
17,317.8231707,131.1829268,310.5914634,158.8109756,330.4817073,134.0853659,208.5426829,172.1402439,185.75
18,323.0243902,126.6097561,310.7195122,156.2682927,333.3231707,134.8536585,201.0792683,164.0121951,183.7012195
19,321.0613497,128.2208589,314.3742331,155.1042945,339.4907975,134.8343558,200.8404908,161.601227,184.0429448
20,322.3128834,128.6319018,313.3435583,154.0613497,338.7791411,132.9141104,200.8343558,160.2392638,182.7177914
21,341.4074074,125.691358,312.3641975,152.9506173,340.0123457,133.0555556,198.0679012,158.8518519,180.1419753
22,333.9254658,124.7142857,309.7515528,150.5217391,342.4347826,132.2360248,192.5652174,153.9378882,176.447205
23,332.6521739,122.310559,306.0124224,150.2608696,348.1987578,133.5341615,195.8322981,149.6770186,174.9689441
24,325.3167702,121.4906832,301.9937888,151.310559,343.8509317,135.4223602,198.9254658,145.3664596,177.2795031
25,310.2670807,124.6149068,299.7267081,150.2111801,339.5465839,133.3416149,198.3291925,144.447205,178.3478261
26,288.5555556,127.617284,297.7592593,147.6419753,341.2901235,128.9814815,193.6790123,147.0185185,176.5246914
27,278.4938272,127.0246914,303.3271605,147.2654321,341.0679012,130.1728395,191.3395062,146.9320988,174.9259259
28,266.9325153,125.196319,311.5460123,146.7852761,324.1288344,133.5521472,195.1165644,140.9815951,171.2760736
29,268.0184049,124.1411043,313.1104294,147.5398773,308.5030675,132.1717791,195.8159509,138.7668712,168.7730061
30,263.1595092,124.9325153,308.3435583,150.1717791,290.9202454,130.4294479,192.4601227,141.404908,166.0429448
31,266.4424242,126.4909091,304.3878788,154.4363636,273.4969697,131.8181818,190.0909091,141.9454545,161.5393939
32,283.75,128.8963415,305.652439,157.6707317,267.097561,132.0792683,190.3292683,142.1036585,159.2439024
33,308.4121212,134.1878788,311.3151515,155.7818182,255.8545455,132.0787879,188.7939394,144.2060606,157.8848485
34,321.3614458,138.0301205,327.753012,151.2409639,241.6807229,132.5421687,190.1024096,144.9216867,158.1385542
35,323.6607143,136.3928571,338.875,148.6904762,232.8571429,129.4761905,194.2559524,144.0833333,159.3214286
36,317.452381,132.7440476,338.1428571,148.9583333,227.8869048,129.1845238,195.1547619,143.7797619,159.9702381
37,295.8830409,127.6374269,327.4327485,148.3040936,221.7192982,130.5263158,196,140.2982456,158.1345029
38,289.137931,127.816092,323.2758621,150.5862069,218.2413793,130,201.1034483,138.7126437,157.9770115
39,291.3863636,126.6931818,328.8920455,152.7386364,218.5340909,128.7386364,204.4602273,137.6136364,157.3693182
40,290.9831461,126.994382,336.3258427,152.741573,217.9719101,131.5,200.994382,139.3202247,158.2022472
41,274.5459459,129.5405405,332.8648649,148.1513514,212.8648649,131.2756757,193.9135135,137.9081081,155.3675676
42,273.591623,133.8429319,332.0314136,149.2146597,212.9790576,128.3769634,200.3403141,139.6649215,156.4816754
43,289.5811518,146.9842932,339.7905759,151.434555,210.6335079,132.3193717,208.7539267,140.3141361,162.6230366
44,293.0989583,154.7447917,344.7135417,150.0104167,204.9947917,132.59375,213.796875,141.296875,165.7395833
45,288.6943005,148.5233161,336.7668394,149.6994819,205.8756477,132.1813472,218.373057,143.3056995,167.5440415
46,295.5699482,142.0932642,323.9533679,150.1865285,208.6994819,133.134715,217.2020725,145.9119171,166.7668394
47,311.0721649,141.4381443,324.5670103,149.5360825,210.4793814,133.6701031,215.3814433,146.3505155,164.0257732
48,334.6649485,143.314433,332.0927835,150.814433,212.0515464,132.7164948,221.7371134,144.1752577,162.9690722
49,352.9587629,142.9381443,333.5103093,150.7061856,214.3865979,131.2989691,231.1340206,143.3556701,164.1597938
50,342.1538462,147.5846154,336.0307692,150.025641,214.8871795,131.2923077,238.2358974,142.0666667,168.7333333
51,317.5482234,157.4923858,340.1827411,152.7208122,211.8680203,130.5888325,234.9898477,142.0507614,170.1878173
52,323.9695431,164.6345178,336.9746193,153.7664975,210.1928934,129.0609137,238.4822335,142.5126904,164.6243655
53,327.8080808,166.3080808,326.9292929,151.1010101,209.7121212,129.4494949,241.3686869,139.8636364,160.6363636
54,339.6111111,172.1969697,322.7777778,151.1313131,212.5656566,132.5,245.6515152,138.7373737,157.7272727
55,364.0909091,173.0656566,327.5909091,151.3888889,209.5151515,133.7626263,253.5909091,138.8030303,157.7676768
56,379.989899,168.6868687,338.0656566,150.8939394,203.7474747,132.7424242,257.2373737,141.8888889,157.8484848
57,378.5909091,166.2777778,348.2020202,150.6414141,203.3333333,131.8686869,261.3030303,145.2525253,159.0707071
58,376.9646465,168.1212121,362.2777778,152.3888889,203.1363636,133.5959596,265.8989899,149.2474747,161.8787879
59,371.1919192,188.8131313,374.8383838,154.2575758,202.5252525,131.4393939,270.5505051,150.1919192,161.9090909
60,369.2121212,210.2979798,386.4040404,155.0606061,205.3333333,129.9242424,282.3282828,149.459596,159.510101
61,355.3686869,209.7171717,392.969697,153.7272727,208.0606061,130.9545455,297.4141414,153.8989899,157.8686869
62,344.3939394,190.8737374,393.3636364,151.4141414,210.040404,133.6767677,302.8030303,158.0353535,158.0252525
63,368.7323232,191.2575758,385.9747475,149.0757576,212.0707071,137.1262626,303.2323232,155.3888889,159.7525253
64,381.145,198.345,381.645,148.325,212.725,140.21,308.2,149.615,160.16
65,366.815,197.305,390.995,150.27,214.845,141.58,319.475,146.115,162.34
66,361.535,188.82,401.405,151.04,216.22,139.595,326.925,144.98,164.135
67,356.425,197.845,412.8,150.04,214.285,137.35,323.69,146.45,162.325
68,375.5621891,217.2736318,421.0099502,149.1641791,211.800995,135.7810945,324.1542289,147.2039801,156.7860697
69,393.9651741,237.9353234,426.721393,149.5820896,210.1243781,135.3233831,331.9303483,147.6169154,153.5373134
70,405.5970149,247.5174129,431.6517413,151.840796,207.1044776,135.0845771,340.9800995,146.5572139,152.8557214
71,401.7114428,238.5223881,443.4079602,154.6169154,205.0547264,136.0895522,347.0099502,145.9004975,151.9900498
72,415.049505,240.4554455,453.539604,154.7722772,203.6633663,135.1188119,351.2871287,146.3465347,152.2821782
73,425.9154229,263.3134328,454.7810945,151.681592,204.7761194,133.7761194,368.4875622,146.3830846,156.159204
74,414.1782178,293.3861386,449.7425743,149.0841584,203.1336634,135.1584158,387.7623762,146.0346535,157.2673267
75,421.165,286.425,454.84,152.555,206.46,136.035,410.58,146.29,155.87
76,461.805,255.925,463.715,155.345,210.17,136.655,418.03,147.345,152.47
77,485.23,229.675,469.895,155.505,215.65,137.47,407.15,149.335,151.64
78,444.9698492,226.0251256,460.8291457,154.8341709,217.4974874,136.9095477,398.080402,149.4723618,151.3467337
79,396.17,221.63,443.775,154.465,212.93,136.285,388.22,148.97,150.48
80,380.2,209.93,437.2,154.88,211.98,136.735,387.06,147.65,149.39
81,407.42,217.11,451.385,155.675,216.105,139.205,396.565,148.1,150.755
82,431.120603,232.9899497,473.678392,157.2462312,218.201005,139.1155779,409.4572864,150.5376884,151.1005025
83,425.9849246,241.4673367,486.1959799,158.7688442,220.3366834,135.9145729,409.7738693,150.9648241,149.0904523
84,427.9447236,238.1060606,487.9447236,160.0150754,223.0904523,136.1356784,403.9497487,147.6080402,146.2763819
85,446.905,240.715,489.57,161.87,224.64,140.415,400.325,145.315,143.99
86,440.315,233.48,494.69,165.8,227.49,141.065,396.775,143.795,142.935
87,415.678392,214.3417085,507.361809,170.0251256,232.4623116,140.1557789,400.4824121,144.6130653,143.5678392
88,381.201005,208.959799,513.6834171,170.3065327,235.8190955,143.6432161,401.4422111,148.7638191,143.7537688
89,380.8888889,227.1010101,521.2525253,169.6212121,241.4444444,149.7626263,399.2424242,155.2323232,145.520202
90,395.8585859,257.9545455,525.4444444,168.959596,246.0808081,151.5858586,403.2020202,156.9040404,147.5707071
91,426.4771574,262.8629442,533.5989848,171.5279188,254.6040609,149.9593909,420.6243655,153.5634518,148.2538071
92,433.0050505,256.7373737,536.1515152,171.9393939,265.1010101,154.4191919,424.7777778,151.6464646,147.989899
93,413.3819095,256.5929648,526.6281407,169.0703518,267.1055276,160.8040201,407.4773869,153.9748744,150.6080402
94,386.0251256,260.040201,519.1256281,167.1557789,266.6080402,166.8190955,393.1708543,154.2562814,152.6180905
95,372.1155779,243.2110553,521.2211055,166.1507538,267.1105528,169.1155779,400.4271357,159.2864322,152.2361809
96,352.241206,221.3266332,529.2060302,166.3919598,269.7336683,169.0502513,409.160804,161.4673367,150.6984925
97,353.0151515,204.8383838,542.4444444,169.1161616,266.4040404,167.1414141,402.479798,160.1313131,150.5555556
98,393.6717172,201.0505051,562.6414141,170.3383838,264.0555556,164.4747475,382.1969697,155.0252525,148.6262626
99,460.5794872,213.2410256,583.4871795,172.7589744,272.1846154,168.1282051,374.6666667,153.8461538,147.4820513
100,504.1502591,209.0932642,579.7150259,174.2072539,274,169.9326425,379.2901554,154.6683938,147.2435233
101,522.7708333,192.4947917,573.515625,176.3854167,271.328125,171.8489583,387.171875,158.7604167,150.328125
102,576.921466,185.3036649,569.1675393,177.0366492,264.5183246,171.078534,383.0890052,163.4659686,151.6649215
103,612.7853403,202.8167539,563.2670157,177.5078534,261.9528796,167.6125654,375.3769634,164.6701571,149.2774869
104,579.4368421,227.0157895,563.4526316,179.1105263,271.6526316,163.0421053,378.5526316,162.8894737,146.5578947
105,494.978836,232.6666667,561.5555556,176.952381,282.037037,163.4603175,387.6772487,159.4973545,146.5925926
106,442.3894737,216.8,556.3736842,172.5789474,286.7473684,164.4578947,392.0473684,159.4789474,146.9578947
107,405.3492063,199.5026455,541.6263158,167.5820106,289.005291,162.0634921,389.4947368,159.3968254,145.7777778
108,410.1122995,200.3582888,542.9786096,166.4545455,295.3262032,161.6096257,405.2299465,157.9037433,147.2352941
109,442.3850267,210.8930481,551.8128342,163.9197861,307.6791444,157.4759358,411.7593583,153.4331551,147.5935829
110,495.9516129,228.9086022,572.3709677,161.1774194,319.0322581,159.844086,416.311828,151.9139785,149.5322581
111,527.9027027,254.9621622,582.8540541,158.9675676,323.5567568,164.8108108,409.7837838,151.2432432,151.4216216
112,560.2864865,265,580.5567568,157.8864865,325.6810811,165.0702703,395.5513514,149.1351351,149.6054054
113,580.7837838,253.972973,581.6594595,158.6486486,339.6432432,165.5513514,383.4756757,150.6540541,148.0702703
114,586.172973,249.8972973,589.6486486,157.0378378,340.1567568,168.0756757,378.227027,149.3189189,146.7513514
115,549.8469945,253.3169399,600.1584699,155.557377,345.3060109,167.0983607,380.284153,145.9071038,148
116,483.6318681,264.456044,596.7582418,154.8186813,369.1648352,164.8241758,380.1263736,145.2802198,149.5824176
117,446.0824176,255.4615385,595.2087912,154.7472527,393.6318681,162.2802198,373.3241758,146.3406593,147.7142857
118,465.8232044,255.7348066,605.6428571,155.1813187,404.5138122,157.1767956,362.3701657,148.3791209,147.0879121
119,486.5303867,265.7734807,613.6464088,156.4088398,399.4972376,154.6519337,353.2320442,148.6850829,147.6740331
120,499.0939227,287.6906077,611.2430939,158.1104972,405.718232,156.9116022,357.4530387,148.320442,148.2707182
121,554.2833333,316.3055556,611.1111111,157.4388889,408.9555556,160.75,363.7111111,149.0055556,148.5777778
122,619.5944444,329.15,610.9111111,156.1944444,418.8388889,157.9722222,363.4666667,144.9222222,148.3388889
123,688.2346369,315.0223464,604.4301676,157.3575419,433.5027933,156.8379888,356.3351955,142.6871508,148.2290503
124,681.8988764,305.0449438,595.7752809,158.6011236,435.2134831,164.2752809,342.005618,142.6797753,147.6123596
125,624.2840909,282.6477273,590.1022727,157.8863636,433.2329545,168.6079545,338.7102273,143.5511364,148.5
126,666.8793103,262.0747126,588.5632184,151.8908046,447.4195402,166.3735632,341.0172414,143.2988506,147.9195402
127,699.1676301,248.0231214,594.4277457,147.6878613,461.6936416,160.4219653,337.9017341,143.2890173,146.6358382
128,648.8034682,245.6473988,598.3988439,145.8554913,459.5144509,158.4855491,336.5722543,148.9768786,145.5260116
129,552.6763006,246.9017341,580.699422,144.0578035,448.2774566,160.7572254,340.017341,153.5780347,143.5317919
130,485.9181287,246.3450292,574.5906433,143.6725146,446.0526316,159.2982456,347.1169591,154.7192982,143.3274854
131,461.5906433,264.5555556,558.1403509,141.8128655,440.380117,152.5672515,353.5614035,152.4093567,144.005848
132,441.4733728,286.4023669,526.3905325,142.4201183,423.5502959,149.1065089,367.0769231,149.2721893,144.9467456
133,441.2781065,281.8224852,495.2248521,143.6686391,399.9053254,153.1183432,377.5976331,146.260355,143.5502959
134,448.2916667,297.875,486.8154762,146.4880952,380.4464286,156.4404762,385.1666667,145.4702381,143.0178571
135,438.5,320.7289157,491.2048193,147.6325301,354.753012,156.5421687,381.7289157,143.8554217,140.9518072
136,418.0722892,329.2891566,505.8855422,147.0180723,339.7650602,152.7831325,375.4819277,142.6566265,139.6987952
137,426.313253,364.9277108,512.373494,145.9939759,327.0783133,149.7289157,384.0301205,142.9277108,140.9879518
138,453.6121212,411.3030303,500.8727273,145.5636364,309.8727273,149.1393939,397.5939394,142.6545455,141.5818182
139,437.6829268,422.2134146,486.3902439,145.0914634,289.6402439,146.945122,405.2256098,139.4146341,141.347561
140,401.8343558,359.5153374,473.1349693,146.196319,280.006135,143.2453988,412.4662577,136.6441718,141.4601227
141,424.2484472,301.9006211,470.9440994,150.8136646,276.2173913,143.863354,415.6583851,138.4658385,143.2111801
142,472.8944099,276.8881988,469.5403727,152.068323,271.1055901,145.7888199,408.1242236,138.8819876,144.173913
143,502.4720497,284.4782609,466.7267081,148.7515528,262.4347826,144.310559,405.5962733,140.0124224,144.8757764
144,453.7204969,286.0993789,457.5279503,145.5341615,243.4037267,141.6583851,406.4099379,144.4534161,146.3726708
145,414.625,274.9125,445.9125,143.1875,226.6,133.5,405.225,145.06875,145.4625
146,429.7531646,279.835443,448.5696203,144.2025316,221.664557,132.8734177,403.0506329,143.7088608,142.7468354
147,444.7610063,306.754717,443.672956,144.0754717,216.8301887,133.6666667,404.4968553,140.918239,140.4465409
148,461.6415094,332.9245283,434.3081761,145.1069182,214.2955975,133.9308176,403.7735849,140.8301887,141.5031447
149,444.8427673,340.3396226,425.5220126,146.0628931,210.3207547,135.4213836,402.6540881,142.2327044,141.427673
150,405.3987342,309.3101266,433.1265823,147.943038,212.5886076,137.443038,399.5379747,143.3417722,140.7341772
151,377.9303797,294.8860759,445.0379747,146.0886076,211.5759494,137.4683544,394.5696203,144.335443,139.7911392
152,363.1582278,317.1139241,447.8867925,141.8417722,206.9683544,133.8291139,400.6708861,144.164557,140.8860759
153,353.3207547,386.7169811,442.7672956,137.1572327,201.8113208,130.6792453,415.8176101,139.836478,140.490566
154,371.9363057,411.2866242,443.1401274,135.7452229,203.6050955,132.2611465,438.3248408,138.6815287,143.4522293
155,414.6624204,356.2993631,437.1401274,135.2420382,203.4840764,133.7770701,455.7197452,137.7261146,142.8407643
156,451.2903226,324.1870968,429.3397436,139.2580645,206.9294872,135.0769231,469.5512821,138.683871,140.6967742
157,459.6987179,338.3910256,430.025641,142.2307692,213.9294872,138.3974359,480.9230769,138.3717949,139.5128205
158,442.2516129,374.7419355,432.6322581,142.9806452,217.0193548,140.0903226,488.116129,138.6193548,140.4709677
159,407.0974026,407.8701299,438.3246753,141.6883117,216.6948052,138.7337662,492.4025974,140.4415584,139.2142857
160,392.0194805,431.5844156,446.8896104,140.2597403,217.7012987,136.487013,504.6168831,142.6558442,137.8116883
161,385.3831169,437.3311688,449.9415584,141.1428571,219.7597403,135.2662338,514.4675325,141.487013,139.3246753
162,377.6928105,411.8039216,456.0849673,143.5424837,218.7254902,134.5555556,520.7973856,142.3529412,141.5424837
163,383.7133333,364.3066667,457.9733333,145.44,215.24,135.8933333,527.14,145.0266667,142.56
164,411.3892617,325.7718121,449.409396,144.409396,216.6308725,137.1275168,532.6845638,145.4228188,142.409396
165,437.6643836,339.9383562,453.760274,143.5,224.2465753,142.9520548,544.130137,147.739726,142.9109589
166,402.4693878,340.4557823,458.6598639,140.4217687,222.3945578,147.1768707,533.537415,148.5442177,137.9455782
167,360.8513514,325.4594595,467.5743243,140.4459459,224.7297297,148.8783784,534.2972973,150.7905405,137.6554054
168,354.6510067,330.3489933,472.3959732,139.2885906,225.6375839,143.6577181,539.1677852,151.0738255,140.4228188
169,361.7866667,333.32,462.3866667,139.9733333,221.1333333,141.3733333,560.44,151.9733333,142.2266667
170,355.7483444,346.5761589,448.9205298,141.5761589,216.3112583,139.5165563,571.794702,149.4701987,139.3311258
171,356.2384106,353.0529801,449.0927152,142.4039735,217.794702,137.2847682,597.589404,147.9668874,138.2649007
172,383.8421053,374.5855263,450.7763158,140.1052632,215.1644737,133.3157895,617.1447368,144.3552632,138.3815789
173,421.2733333,361.02,459.3533333,142.1466667,214.3733333,134.1266667,629.66,145.3066667,141.5266667
174,449.2266667,338.4333333,463.8344371,143.4666667,214.6,134.86,627.7880795,146.6666667,140.9533333
175,461.78,347.34,474.0266667,144.7,221.6866667,133.6733333,616.2133333,149.02,139.9333333
176,419.9868421,427.7763158,468.4078947,144.1381579,225.0197368,133.4342105,597.8684211,143.8815789,138.7368421
177,380.2894737,503.9144737,466.9276316,145.0723684,225.2894737,138.1710526,637.0328947,140.7105263,140.2105263
178,345.6710526,542.5921053,466.125,145.5394737,221.0723684,140.3684211,684.1644737,141.4671053,140.1644737
179,341.0921053,541.8289474,462.0263158,144.2236842,218.3223684,137.8092105,675.9013158,142.625,139.0197368
180,380.1176471,555.0326797,453.1895425,141.5947712,218.4444444,135.4836601,668.4640523,141.620915,137.2941176
181,406.0197368,534.4868421,455.9342105,144.6381579,223.4736842,139.2434211,698.4473684,144.2894737,138.875
182,424.1655629,490.1788079,462.013245,145.0728477,223.1258278,136.3046358,694.3112583,144.7218543,138.3443709
183,417.0728477,480.7615894,476.7880795,145.9337748,223.0596026,137.4900662,657.0066225,143.5960265,138.7218543
184,387.5620915,446.4117647,483.3006536,145.0784314,224.6928105,137.2156863,623.4444444,143.1176471,138.379085
185,380.6405229,421.6013072,489.7124183,147.5490196,228.4379085,137.8888889,622.8300654,148.2156863,139.7973856
186,391.0769231,410.3717949,485.5384615,149.2371795,227.2307692,136.6666667,604.5512821,148.224359,139.7179487
187,398.3397436,389.4038462,479.7051282,148.5833333,231.2628205,137.0384615,598.6730769,147.1025641,139.1987179
188,424.9235669,373.1273885,475.9745223,147.6242038,240.8535032,140.522293,596.5605096,145.2738854,135.6624204
189,447.0509554,389.8407643,480.2165605,148.866242,250.4904459,140.5159236,594.7388535,142.7834395,134.8152866
190,419.7088608,433.6582278,479.835443,151.8291139,258.7278481,136.7088608,586.8670886,142.4873418,136.6898734
191,434.7974684,480.1719745,476.664557,150.5632911,270.0126582,135.556962,585.8734177,142.5886076,137.1898734
192,476.0127389,520.1082803,477.7133758,153.6305732,306.2611465,141.611465,586.7515924,143.8789809,139.3312102
193,531.9044586,546.7006369,485.9490446,159.2611465,349.3121019,149.0955414,587.4012739,142.8789809,140.0700637
194,569.5286624,557.4649682,499.2292994,163.5987261,379.1656051,158.0127389,593.7643312,145.1401274,141.611465
195,541.7961783,599.1019108,504.7898089,164.0573248,390.8980892,168.7133758,596.8407643,148.7643312,142.6305732
196,454.6329114,613.1139241,503.056962,163.9113924,403.0632911,181.8417722,602.4303797,148.6518987,141.835443
197,381.6329114,586.2658228,502.0063291,163.8101266,414.9746835,187.5696203,606.5506329,147.0886076,139.2278481
198,341.0443038,549.056962,505.6139241,164.4873418,437.9303797,186.6139241,620.2025316,146.7531646,138.1075949
199,328.9683544,510.8924051,520.0632911,167.1582278,470.6898734,187.9683544,637.5063291,149.0632911,139.8544304
200,348.9556962,464.9050633,531.4936709,170.8037975,478.8797468,189.4810127,649.6139241,150.6139241,140.8924051
201,372.2165605,449.2420382,519.2675159,173.3949045,473.1847134,186.1974522,661.5987261,147.2611465,142.9044586
202,371.8141026,417.9038462,499.8333333,172.4807692,487.0128205,188.474359,675.2179487,142.5576923,145.0192308
203,370.1401274,432.9745223,490.0764331,166.3949045,492.3312102,192.433121,671.2101911,143.8216561,143.0636943
204,400.8025478,441.2101911,500.1656051,160.0382166,478.8726115,195.3184713,665.5159236,148.2929936,140.7070064
205,411.4177215,433.3227848,496.3924051,154.7721519,466.3860759,189.2341772,674.2278481,146.6392405,137.5
206,456.475,462.40625,474.5,151.8625,458.875,179.975,688.04375,146.1,136.2125
207,538.60625,521.04375,456.48125,150.3625,452.68125,176.29375,709.625,147.5875,137.675
208,572.3710692,547.4779874,440.0377358,148.8238994,459.7861635,171.2893082,742.2641509,145.7358491,139.1886792
209,578.84375,551.775,421.55,149.61875,455.98125,168.36875,757.38125,146.39375,137.85
210,578.5875,572.9,419.575,153.95625,445.775,167.09375,765.875,146.4,138.275
211,559.71875,568.2625,427.6625,156.9875,432.18125,164.2875,775.85625,143.36875,139.96875
212,522.83125,549.275,439.8625,156.425,427.71875,161.9125,777.78125,141.025,140.125
213,497.4591195,552.8742138,456.408805,157.3459119,433.8490566,158.5534591,787.2327044,141.9371069,139.5408805
214,461.8427673,566.081761,463.7169811,160.8301887,438.2327044,154.6792453,781.1949686,143.5471698,139.408805
215,410.85625,560.46875,458.375,163.8625,433.6625,150.33125,775.08125,142.74375,138.20625
216,359.75625,519.29375,451.8875,167.44375,425.95,149.25,780.9125,143.34375,139.0625
217,336.08125,432.54375,439.325,168.25,413.025,151.1875,788.5125,141.34375,139.41875
218,360.75,419.24375,439.35625,171.55625,410.025,151.5,797.28125,141.55625,140.275
219,373.552795,423.1925466,448.5465839,170.5776398,414.9937888,148.6956522,800.5217391,142.1801242,138.621118
220,361.2716049,415.7901235,453.308642,167.0185185,403.0740741,143.2160494,808.308642,143.5061728,137.191358
221,349.7160494,398.3703704,466.0308642,163.7037037,385.7962963,139.3148148,828.2469136,144.0185185,137.5555556
222,343.2407407,406.8950617,482.9320988,162.7283951,366.1358025,136.5925926,865.4197531,143.4444444,139.6851852
223,334.7668712,435.0245399,484.1288344,162.208589,345.4846626,131.9754601,858.3006135,140.4478528,138.1226994
224,365.962963,461.191358,484.6234568,163.9197531,336.617284,131.6481481,831.2098765,137.4444444,136.6234568
225,416.2360248,427.3602484,490.3850932,163.7391304,320.0745342,135.9006211,831.0062112,137.3726708,136.6335404
226,429.2345679,383.9506173,487.1296296,160.0987654,295.7716049,135.1666667,836.6049383,136.2777778,136.3703704
227,384.5617284,400.6296296,479.117284,157.5185185,294.5740741,132.3765432,829.1975309,138.4691358,136.6111111
228,378.5838509,435.0621118,474.6645963,155.3043478,295.7639752,129.9440994,817.552795,143.0869565,137.4099379
229,413.2530864,463.308642,477.0061728,153.6234568,285.2592593,128.5925926,812.0740741,142.154321,137.4814815
230,431.191358,492.6851852,479.7222222,155.1851852,274.9567901,131.5061728,821.5432099,140.7037037,136.4753086
231,443.0993789,530.2795031,485.6459627,155.757764,265.9813665,131.5341615,835.7080745,140.8695652,136.5776398
232,393.86875,518.14375,493.225,153.4375,259.41875,131.7625,857.16875,142.28125,139.70625
233,357.5864198,483.0555556,497.4567901,150.4444444,252.9320988,131.3518519,880.3765432,144.1975309,139.7283951
234,348.8220859,442.8282209,496.9815951,150.3619632,251.4110429,129.3558282,893.1411043,144.7668712,139.0490798
235,353.6646707,413.0179641,481.7724551,148.6766467,246.7125749,127.5209581,889.0299401,144.6167665,136.8682635
236,353.9647059,413.9411765,480.3529412,150.3588235,243.7764706,130.2705882,882.4764706,144.9941176,136.8235294
237,378.6842105,410.7076023,493.2923977,151.5555556,239.5789474,132.4385965,884.3040936,144.8362573,137.3391813
238,383.5953757,427.8843931,498.4450867,150.8208092,239.5491329,135.2196532,884.1156069,143.4797688,138.1791908
239,372.8333333,479.2586207,496.3793103,150.6609195,237.4425287,135.1091954,872.8965517,143.908046,137.454023
240,385.5314286,469.24,498.7771429,154.2342857,236.9257143,137.0457143,870.0457143,146.2342857,137.0514286
241,407.875,422.4261364,501.6534091,156.0738636,247.8238636,138.1477273,873.7784091,147.3011364,136.9886364
242,414.2272727,455.2272727,503.3465909,155.6306818,257.3068182,140.0965909,868.0056818,148.5738636,136.3125
243,397.5027933,483.5865922,497.1731844,152.6480447,256.8715084,138.1284916,857.7932961,145.2234637,135.2681564
244,381.5444444,459.8722222,494.9222222,154.2611111,261.2277778,139.1055556,869,147.6333333,137.4
245,359.2541436,452.6187845,482.3425414,154.9889503,256.8232044,140.4972376,861.4364641,147.8563536,137.4530387
246,349.6629834,474.320442,474.3149171,154.6574586,260,142.0055249,844.6850829,147.3038674,137.7569061
247,373.3060109,496.0327869,461.4808743,154.8087432,267.9234973,142.5245902,835.6065574,147.5464481,138.9071038
248,387.8858696,512.0923913,460.9619565,155.8369565,270.9456522,140.375,851.0434783,147.5815217,140.0978261
249,410.6902174,582.7717391,478.875,156.6521739,270.4021739,139.1413043,882.5054348,147.1358696,139.7880435
250,435.3135135,635.3243243,492.5081081,156.1027027,263.5189189,138.2918919,889.9135135,145.1243243,138.7189189
251,492.1135135,621.7783784,505.1945946,156.0864865,260.4756757,140.4378378,869.5189189,145.4972973,138.9891892
252,527.4623656,587.6666667,512.2419355,154.688172,258.188172,138.3602151,850.6290323,147.4193548,137.3655914
253,551.9518717,560.9144385,519.7058824,155.0160428,261.8983957,136.684492,863.6524064,150.3101604,138.2352941
254,494.1774194,580.8387097,517.9946237,154.3870968,255.8387097,139.4086022,895.6989247,155.1236559,140.5913978
255,433.4139785,573.3817204,505.6021505,151.8763441,249.4247312,141.1612903,915.6021505,154.8709677,140.6397849
256,395.2925532,550.7074468,495.7978723,151.4202128,240.6170213,139.5106383,913.7287234,150.5478723,138.9946809
257,392.0855615,495.9625668,496.4919786,153.5080214,232.6524064,137.0427807,924.0748663,148.7005348,138.5561497
258,425.3101604,480.2245989,493.3529412,153.3957219,230.3529412,135.7058824,945.0909091,147.1122995,138.0909091
259,427.0962567,452.0641711,494.828877,154.3743316,232.4117647,137.6096257,963.0320856,147.4973262,137.8983957
260,402.1925134,425.9465241,502.4171123,155.5668449,228.4759358,138.2352941,966.1925134,148.1657754,139.0641711
261,415.4278075,438.7219251,505.5454545,156.6737968,220.7379679,136.4064171,950.7647059,148.5668449,139.0106952
262,463.4385027,427.7326203,507.2459893,159.3903743,218.5935829,137.3315508,955.7005348,152.0855615,137
263,508.5614973,452.9304813,510.5294118,161.2299465,217.9358289,139.4010695,977.9946524,150.1176471,134.5668449
264,506.9787234,505.3989362,514.3723404,162.8297872,220.2234043,141.25,998.7765957,144.462766,135.1382979
265,482.1283422,536.855615,518.0427807,169.5721925,223.7967914,139.0053476,1016.828877,144.5989305,137.342246
266,455.2566845,527,522.9144385,179.9411765,230.2566845,137.1657754,1021.951872,148.2352941,138.9946524
267,436.9255319,520.106383,524.75,186.537234,237.8351064,139.9042553,1022.723404,151.5957447,140.3882979
268,456.7647059,577.1657754,525.5561497,187.144385,251.2139037,143.7219251,1040.914439,150.1657754,139.513369
269,488.3280423,623.5714286,534.7037037,182.8201058,259.7830688,147.1481481,1066.740741,147.5555556,137.5238095
270,545.7315789,609.5,558.7526316,182.2578947,267.4473684,146.1894737,1091.842105,146.3789474,137.7105263
271,548.6736842,530.4684211,570.8789474,184.3684211,277.2105263,139.0473684,1096.010526,146.2842105,138.8684211
272,497.015873,479.6719577,565.2169312,187.1111111,283.1111111,135.7989418,1090.190476,147.1481481,139.6931217
273,454.8888889,477.005291,569.3386243,190.010582,285.3756614,138.984127,1098.772487,148.5873016,139.3915344
274,439.9052632,525.5684211,568.5526316,191.5578947,288.9105263,140.4157895,1109.315789,150.7526316,138.6315789
275,434.8631579,550,563.8894737,193.5842105,298.1947368,142.5947368,1140.426316,155.5789474,139.0368421
276,421.5851064,531.4734043,563.5904255,196.8829787,310.2925532,139.8723404,1193.56383,158.4680851,139.7978723
277,407.6329787,487.1702128,564.7925532,206.4361702,319.0585106,135.7340426,1230.005319,161.0904255,142.4255319
278,405.7819149,501.1170213,576.25,215.7074468,319.6595745,140.0053191,1273.031915,162.5797872,143.1702128
279,437.8829787,554.9521277,589.4946809,216.6595745,319.1808511,142.2712766,1317.62234,170.037234,140.962766
280,453.7074468,550.8776596,595.8457447,216.5478723,321.393617,143.0797872,1369.920213,180.9308511,142.0744681
281,463.606383,556.4893617,601.9255319,214.1276596,330.4095745,145.0797872,1401.015957,188.8244681,143.6276596
282,556.0053191,606.5053191,616.6117021,209.6542553,335.1595745,142.4521277,1392.409574,187.7659574,144.787234
283,620.2887701,667.3315508,633.1122995,203.3743316,324.5080214,140.2780749,1383.042781,185.0962567,144.7272727
284,638.9095745,707.9255319,635.1755319,198.9946809,312.2234043,138.4521277,1394.382979,184.4521277,144.4574468
285,639.1170213,775.8138298,631.4787234,200.856383,313.3031915,137.4308511,1439.457447,189.6170213,145.6702128
286,649.042328,770.0529101,630.4021164,203.015873,318.7301587,137.005291,1485.417989,191.9153439,145.9100529
287,644.0691489,722.2234043,645.143617,209.0478723,329.4361702,138.7340426,1501.787234,197.6595745,148.0531915
288,603.9734043,640.4574468,655.4680851,218.0531915,343.8351064,140.9893617,1490.356383,201.4734043,149.1755319
289,590.6031746,619.1164021,647.1693122,223.6243386,351.4973545,140.9047619,1483.867725,202.9047619,148.3121693
290,573.8297872,645.8351064,639.1223404,228.5425532,352.3510638,145.0904255,1519.542553,206.5,149.5744681
291,526.3670213,682.8351064,638.3510638,236.106383,348.4680851,151.0265957,1537.755319,213.7234043,150.7180851
292,509.2032086,677.0802139,652.8882979,246.1489362,352.5561497,154.6042781,1569.56383,219.5585106,151.0531915
293,529.7379679,653.197861,681.9625668,252.3048128,360.6524064,152.8983957,1582.224599,224.9304813,151.2620321
294,556.7754011,659.7647059,710.7807487,248.0748663,368.9679144,149.802139,1569.106952,230.342246,151.9946524
295,577.4438503,672.4705882,738.5989305,238.9197861,385.1176471,149.2459893,1599.096257,231.2994652,154.8449198
296,597.6737968,703.7272727,739.2032086,230.6524064,391.9518717,151.1497326,1654.743316,233.6898396,154.2780749
297,617.2352941,710.9090909,719.6951872,224.7058824,383.6417112,153.8877005,1694.604278,238.3582888,152.828877
298,580.802139,695.342246,696.7326203,219.4491979,376.2085561,151.8716578,1724.727273,238.4759358,153.3208556
299,503.1925134,683.9786096,695.2727273,221.2620321,377.5775401,152.1122995,1765.828877,237.7540107,155.5668449
300,467.2941176,658.4224599,693.9893048,224.7593583,385.3475936,150.9518717,1767.919786,241.4224599,156.2352941
301,561.6344086,692.2258065,685,225.811828,387.8548387,147.5268817,1750.370968,250.6290323,156.2204301
302,705.6382979,740.8716578,672.212766,225.1170213,381.4734043,145.5561497,1729.276596,253.6861702,153.1382979
303,818.1223404,753.2765957,671.1808511,230.9840426,395.4148936,147.4148936,1742.547872,259.2659574,152.6648936
304,836.3582888,769.0106952,666.5935829,240.3048128,409.9144385,149.6149733,1723.165775,261.2566845,154
305,793.1914894,752.3297872,662.4574468,252.9840426,411.5797872,147.3882979,1693.154255,253.8882979,155.2287234
306,739.3529412,777.1818182,652.5347594,267.3101604,398.8342246,147.1069519,1674.31016,252.6684492,156.2941176
307,713.6666667,804.1505376,643.2258065,271.4462366,383.5376344,147.8333333,1641.741935,255.8333333,155.2526882
308,682.0491803,849.2896175,649.3879781,268.7322404,379.4808743,147.6393443,1632.131148,269.9508197,156.5519126
309,660.956044,865.8846154,673.521978,268.6923077,377.9010989,142.9450549,1649.5,280.7307692,160.1263736
310,652.961326,786.7900552,702.3756906,276.5524862,374.2375691,139.038674,1683.983425,284.640884,162.359116
311,640.2067039,729.6368715,733.5977654,287.4581006,371.6145251,141.4804469,1666.055866,294.5921788,163.4972067
312,648.6648045,739.9944134,754.8603352,296.3631285,374.027933,143.8938547,1626.089385,302.6592179,162.8938547
313,670.5642458,791.452514,759.2793296,302.7486034,370.1452514,145.2625698,1567.296089,310.5810056,162.2011173
314,669.3181818,798.8465909,761.0909091,307.4204545,360.6136364,146.7329545,1543.806818,317.3977273,163.6193182
315,688.8571429,721.76,762.3371429,308.8342857,352.5085714,146.2,1580.325714,322.5142857,166.0228571
316,667.045977,666.0402299,764.4022989,313.5287356,356.6609195,148.3563218,1627.770115,322.183908,168.2241379
317,562.4137931,624.2126437,761.045977,320.2183908,357.2586207,149.3735632,1641.022989,325.2413793,168.1724138
318,519.7643678,593.6149425,771.8103448,324.9942529,357.9885057,150.2528736,1624.33908,337.3333333,168.9425287
319,512.7314286,626.8228571,776.5771429,320.1428571,344.3371429,146.3028571,1603.24,350.3371429,166.8914286
320,569.045977,616.7183908,781.6724138,316.2011494,326.6954023,141.6091954,1603.517241,361.8850575,166.8850575
321,656.2080925,604.1213873,784.9537572,320.5086705,311.7861272,140.2890173,1592.531792,359.7109827,169.1040462
322,751.2758621,598.3678161,791.6724138,325.0402299,295.0689655,137.862069,1560.896552,358.1494253,171.4195402
323,815.3390805,592.7241379,807.5229885,331.408046,273.9770115,136.9655172,1534.770115,368.2183908,173.5229885
324,874.3103448,609.7011494,816.7126437,343.591954,260.1609195,139.045977,1531.551724,371.591954,173.4770115
325,882.4712644,699.2068966,816.4137931,356.137931,254.7816092,143.0632184,1503.890805,378.1781609,174.4712644
326,885.7034884,757.7790698,808.4767442,358.5639535,248.8546512,148.8255814,1480.965116,396.1686047,175.7732558
327,870.7093023,735.5232558,786.8488372,350.9534884,241.4244186,154.0116279,1496.639535,415.372093,177.8953488
328,867.9883721,729.1627907,764.6976744,340.505814,234.4767442,154.6976744,1505.226744,434.1802326,185.2267442
329,807.2616279,702.6104651,750.622093,327.4883721,235.4360465,149.4360465,1489.534884,448.8546512,190.8313953
330,698.5780347,645.3294798,754.8381503,331.2716763,236.300578,144.5895954,1459.560694,463.1965318,190.5317919
331,621.3699422,589.1618497,766.9768786,355.0404624,238.9595376,142.6011561,1450.618497,481.4739884,190.0115607
332,609.8255814,555.0755814,783.8255814,374.4244186,235.3023256,147.2151163,1451.872093,496.8197674,189.872093
333,651.3410405,583.5144509,792.4855491,377.3988439,231.3294798,151.9768786,1457.479769,497.3815029,194.1040462
334,641.5317919,620.1387283,784.3468208,374.4450867,225.9364162,151.1387283,1466.653179,511.4797688,200.0520231
335,608.8390805,640.2356322,780.6781609,372.4252874,229.7758621,147.9310345,1480.045977,535.9195402,204.5
336,594.32,655.5142857,764.0685714,372.5657143,233.32,148.8114286,1487.251429,558.1485714,206.2971429
337,626.1942857,650.8685714,735.1885714,372.3885714,232.2685714,148.3085714,1456.622857,577.0114286,204.1314286
338,687.8,629.96,715.1142857,374.9942857,231.5085714,149.8514286,1449.142857,584.0685714,201.8571429
339,761.2342857,607.0628571,713.0857143,384.8628571,233.3885714,153.5028571,1438.08,589.5657143,203.7542857
340,724.6057143,580.7542857,714.2457143,397.1314286,234.44,153.1485714,1424.114286,592.8971429,205.3771429
341,655.1028571,603.9314286,702.7542857,405.5942857,230.5257143,154.8,1425.834286,600.8685714,208.5485714
342,626.6193182,644.6477273,679.9431818,405.9602273,224.5681818,155.2215909,1405.380682,612.4772727,209.0738636
343,648.3314286,671.2628571,681.5142857,410.5657143,222.88,157.5314286,1402.514286,621.5485714,214.4457143
344,704.2528736,623.8965517,677.9195402,404.5344828,226.545977,157.3505747,1364.597701,626.7931034,216.0517241
345,748.7528736,591.908046,677.7241379,394.1609195,232.8850575,152.7701149,1310.126437,631.6091954,215.1034483
346,751.4827586,599.6609195,689.6091954,386.5517241,237.1896552,150.8850575,1256.833333,623.4310345,218.0689655
347,751.591954,635.0574713,697.4195402,381.0114943,234.0344828,150.0114943,1225.442529,616.8678161,218.1954023
348,823.2471264,649.1551724,705.2758621,380.1494253,230.5517241,147.9482759,1247.747126,629.6264368,219.1149425
349,888.7873563,657.3793103,716.5229885,378.1609195,228.2931034,146.6494253,1287.212644,644.4367816,218.4252874
350,821.1046512,645.8546512,721.0348837,378.5465116,227.1395349,148.0988372,1305.680233,664.7151163,222.3081395
351,709.5697674,623.5406977,709.0639535,381.4767442,226.9476744,149.5581395,1323.790698,689.1511628,227.127907
352,641.7225434,601.4566474,682.8793103,381.0804598,226.6705202,153.4104046,1350.568966,706.4682081,226.0289017
353,588.0462428,561.7687861,691.9710983,385.1213873,226.5202312,155.8092486,1360.115607,707.4104046,220.8323699
354,569.7109827,546.265896,716.7109827,387.7919075,223.4393064,153.5895954,1320.722543,691.4855491,220.2138728
355,531.3236994,534.4682081,731.6473988,393.7398844,224.7687861,153.7398844,1277.947977,670.7052023,223.9884393
356,472.1395349,560.0581395,721.5290698,398.5581395,228.9186047,153.6104651,1259.872093,672.1860465,229.2267442
357,466.122093,570.5523256,720.9302326,399.3372093,231.4651163,153.0813953,1254.889535,685.5465116,233.9593023
358,528.9710983,504.0809249,722.2716763,394.8786127,232.9653179,153.566474,1257.757225,693.9653179,231.7109827
359,626.9364162,494.6184971,722.150289,397.6589595,237.3583815,153.583815,1237.034682,704.1676301,232.716763
360,672.6744186,490.1337209,729.0697674,412.0232558,241.4418605,149.8139535,1215.302326,717.7965116,237.0348837
361,643.183908,505.7931034,740.3563218,423.1091954,241.091954,147.7873563,1197.626437,732.7413793,236.4137931
362,632.0517241,512.5977011,763.4310345,438.5172414,243.7068966,150.5172414,1196.867816,746.6609195,239.3965517
363,613.8901734,533.2254335,785.3930636,451.583815,244.9884393,152.6589595,1264.346821,772.3179191,242.566474
364,569.5747126,541.908046,775.3965517,454.2758621,246.4310345,153.9827586,1296.873563,794.1091954,237.5344828
365,585.1257143,517.8,750.8342857,458.8857143,251.5085714,154.16,1271.365714,800.6114286,230.4685714
366,644.6149425,507.5747126,741.9885057,468.7471264,259.3448276,154.7643678,1231.465517,796.2758621,232.2586207
367,587.5113636,568.0056818,737.8579545,470.6988636,270.7102273,157.4204545,1197.352273,782.0113636,238.7670455
368,475.5909091,607.2897727,745.2840909,474.3977273,287.5681818,165.5852273,1188.659091,768.6931818,244.6988636
369,451.2613636,593.9602273,750.2954545,470.7443182,295.4659091,168.7727273,1186.340909,770.7215909,246.5
370,497.4576271,565.1299435,744.4237288,457.9717514,297.9830508,167.9039548,1159.327684,783.1977401,249.180791
371,487.752809,547.4044944,731.3707865,452.0224719,312.5337079,161.3707865,1110.539326,799.4269663,251.3033708
372,480.4831461,488.8988764,717.150838,453.5561798,342.2808989,156.5786517,1077.284916,810.8820225,252.1516854
373,484.6460674,449.9101124,718.8089888,452.7359551,371.2640449,153.1235955,1066.960674,808.4157303,250.2247191
374,554.3276836,440.1468927,717.5480226,451.6723164,390.6158192,153.7175141,1045.446328,807.4745763,250.2090395
375,639.0280899,472.9662921,716.7078652,449.3876404,412.1235955,157.5224719,1041.752809,804.1011236,253.5898876
376,708.9943503,529.7062147,718.6723164,448.7909605,450,160.6892655,1037.570621,809.4689266,261.039548
377,721.4943182,615.75,722.6363636,452.0284091,489.8068182,164.2386364,1056.357955,828.9886364,269.7556818
378,709.1638418,663.6384181,720.0508475,453.960452,520.0960452,165.5480226,1063.717514,854,271.1242938
379,711.1193182,691.3125,724.875,458.6818182,540.2443182,172.9943182,1088.221591,865.5681818,266.9318182
380,691.1942857,690,738.1485714,467.6285714,536.0171429,177.9885714,1111.062857,857.4057143,268.48
381,683.3371429,610.2685714,748.6628571,478.4285714,527.0228571,177.3085714,1112.211429,854.4971429,277.4114286
382,645.4457143,558.7257143,741.2914286,490.6228571,526.1257143,178.2114286,1121.194286,860.0742857,281.3771429
383,566.3314286,530.2114286,724.6571429,498.6285714,538.8342857,176.44,1103.091429,878.9028571,281.7771429
384,511.8579545,522.1079545,705.2386364,503.1931818,543.7727273,174.6193182,1076.136364,902.2840909,283.6477273
385,508.5511364,531.5397727,704.4375,504.9034091,549.1022727,175.4886364,1085.931818,914.6306818,295.5738636
386,467.6193182,587.5511364,699.3125,501.4545455,551.1193182,173.6988636,1094.596591,924.1363636,306.3409091
387,441.6101695,596.5536723,684.8531073,493.6666667,564.2937853,172.6553672,1118.915254,945.0621469,312.3672316
388,419.2045455,562.3295455,674.1420455,491.0227273,578.9488636,174.4772727,1154.693182,984.0397727,318.2215909
389,425.9261364,508.2159091,653.4772727,492.5795455,583.2159091,174.8806818,1162.028409,1011.971591,319.9943182
390,483.3352273,485.6477273,631.5511364,491.2727273,583.2329545,176.1647727,1140.357955,1031.744318,320.5795455
391,523.079096,474.8135593,606.4971751,494.5480226,564.1355932,178.6610169,1109.163842,1033.875706,319.8418079
392,513.9034091,511.8977273,586.9204545,512.9147727,556.3579545,176.4090909,1087.039773,1034.988636,323.9886364
393,501.8644068,550.7514124,597.6384181,518.0225989,576.9265537,171.1468927,1096.80791,1020.734463,333.559322
394,479.5227273,550.4147727,620.2556818,501.1931818,607.0170455,173.1988636,1135.880682,1029.403409,346.3522727
395,443.8920455,519.6988636,615.0738636,476.1022727,612.5852273,173.9715909,1168.147727,1047.982955,348.9431818
396,410.5852273,547.2329545,609.6875,462.4943182,628.0113636,174.375,1182.352273,1078.005682,348.4318182
397,380.4915254,583.5480226,605.4971751,456.8079096,629.2881356,176.8361582,1159.491525,1102.508475,348.4519774
398,372.6610169,571.3785311,599.7118644,455.2033898,605.2090395,176.960452,1140.514124,1094.322034,349.8135593
399,383.2897727,552.5056818,602.1704545,445.3522727,611.3522727,177.8806818,1145.943182,1064.267045,354.0909091
400,406.0170455,516.5227273,602.8579545,440.2840909,626.5,182.9318182,1150.193182,1056.551136,359.3238636
401,440.6193182,542.4261364,592.6818182,455.5397727,621.5852273,182.6761364,1150.681818,1055.392045,360.8636364
402,487.8045977,541.3333333,576.3793103,484.7931034,606.7758621,177.6494253,1150.126437,1081.816092,367.1724138
403,512.2742857,522.2,545.9314286,508.2685714,597.6857143,174.7942857,1147.417143,1098.44,368.52
404,470.5086705,535.0693642,526.4913295,538.017341,620.0693642,178.017341,1159.445087,1108.098266,371.1040462
405,426.8895349,593.0290698,515.872093,563.6453488,637.6976744,181.2674419,1170.651163,1121.02907,370.7267442
406,415.4912281,619.871345,516.0526316,578.4035088,620.3040936,186.7017544,1204.912281,1138.380117,375.245614
407,390.2674419,554.5697674,515.2151163,570.7267442,587.8023256,182.2093023,1223.19186,1145.110465,379.0116279
408,372.0116279,491.6453488,509.7151163,560.3197674,571.0232558,172.8604651,1207.261628,1160.534884,383.5290698
409,374.5697674,461.4127907,504.2093023,566.7965116,580.4011628,170.0406977,1202.872093,1156.261628,393.5
410,388.2732558,490.9825581,492.8255814,569.0581395,587.6744186,171.6976744,1207.883721,1139.180233,397.2151163
411,352.6473988,558.4104046,481.4046243,560.4393064,560.2254335,171.6300578,1207.254335,1170.086705,401.2485549
412,321.2011494,575.4104046,471.7471264,536.3333333,521.0057471,174.2947977,1194.843931,1189.473988,405.2890173
413,326.4228571,552.2571429,475.9257143,509.0628571,498.8285714,177.1485714,1213.331429,1179.56,402.3828571
414,326.740113,499.3163842,482.0338983,492.0169492,491.180791,174.5932203,1225.80226,1184.152542,398.2485876
415,317.8983051,455.0508475,491.3446328,489.3276836,486.2768362,169.7909605,1209.514124,1217.423729,399.5932203
416,306.1179775,449.747191,485.5786517,483.6235955,483.9438202,166.0168539,1181.382022,1220.432584,400.1516854
417,296.0167598,466.9385475,473.9273743,475.0670391,477.7150838,170.396648,1153.73743,1223.413408,402.8379888
418,322.1444444,525.1666667,465.9666667,455.9222222,451.3222222,175.8222222,1123.816667,1228.461111,401.2277778
419,330.2320442,517.2430939,467.4143646,453.1491713,424.7513812,177.3535912,1107.651934,1239.712707,400.038674
420,313.8729282,457.9779006,475.7403315,463.6629834,413.9558011,178.6077348,1094.497238,1240.839779,393.9281768
421,295.7513812,385.8729282,492.0773481,464.0331492,409.8232044,177.9502762,1077.270718,1233.359116,381.7679558
422,292,386.8176796,511.5635359,460.3812155,408.0110497,178.2762431,1067.79558,1244.005525,375.0552486
423,299.3149171,404.2099448,517.5303867,453.8232044,388.1491713,180.7348066,1072.01105,1247.071823,373.6574586
424,319.4065934,397.3186813,509.8571429,447.0549451,364.3736264,179.8736264,1065.879121,1235.082418,372.3681319
425,332.2388889,419.6833333,504.2111111,467.3111111,362.0111111,182.7555556,1059.161111,1223.8,375.8222222
426,340.3701657,473.878453,507.878453,486.0939227,361.7845304,183.1325967,1030.558011,1186.812155,374.3038674
427,318.2928177,535.5303867,518.7237569,507.3812155,359.9337017,189.0497238,1008.088398,1172.911602,372.4254144
428,301.1061453,561.7318436,510.1843575,516.7597765,356.5027933,189.5921788,994.4301676,1158.446927,369.6871508
429,309.8659218,535.4804469,495.7206704,517.0558659,357.1564246,188.2178771,1002.307263,1148.949721,364.9497207
430,317.1061453,449.6201117,485.2290503,518.0837989,353.5977654,187.7932961,1015.955307,1159.994413,358.8715084
431,326.8715084,387.2067039,483.5698324,516.1452514,341.2625698,187.6424581,1017.312849,1169.888268,358.3798883
432,323.0224719,367.4325843,481.8651685,519.1910112,347.0280899,186.5393258,1018.578652,1198.41573,371.8483146
433,310.4775281,346.3932584,479.005618,515.2134831,361.1910112,184.8370787,997.2696629,1224.08427,381.8876404
434,294.0169492,348.3276836,480.440678,503.1751412,357.0112994,181.8305085,976.7062147,1249.774011,379.4745763
435,277.6910112,363.9325843,481.5786517,497.5842697,335.4269663,180.6292135,978.5617978,1285.185393,380.5786517
436,274.5307263,406.7541899,480.1731844,499.9050279,320.4636872,181.9944134,1006.324022,1303.648045,387.6424581
437,285.7039106,379.0558659,475.7039106,507.396648,318.6424581,191.9497207,1040.77095,1299.441341,391.3687151
438,297.1899441,329.849162,464.7932961,503.2346369,321.8379888,201.5642458,1058.139665,1306.324022,396.877095
439,290.4301676,283.0949721,458.9385475,491.4357542,330.8603352,200.3240223,1047.843575,1316.385475,397.8659218
440,300.8435754,254.7541899,459.0167598,484.3798883,338.027933,200.9217877,1026.932961,1328.044693,393.8379888
441,322.2402235,256.3407821,458.4804469,483.6424581,335.2011173,211.2458101,1009.363128,1311.849162,390.9832402
442,313.9944751,290.6685083,450.5690608,485.6298343,329.9779006,216.6740331,996.4751381,1277.607735,389.1878453
443,320.5138122,307.2154696,445.6740331,500.4917127,327.9668508,214.4088398,1008.845304,1294.469613,387.281768
444,337.519337,268.198895,441.9944751,518.1933702,328.8895028,210.3149171,978.6629834,1328.066298,382.878453
445,340.4475138,275.038674,451.8729282,552.5524862,341.1712707,204.3867403,949.1160221,1337.044199,387.5303867
446,315.2967033,336.8516484,459.5549451,560.7582418,347.8901099,201.7307692,944.7582418,1321.082418,388.5
447,299.7472527,375.7912088,467.4505495,546.2582418,362.3791209,209.2967033,956.4230769,1323.846154,381.0164835
448,308.1413043,408.1684783,468.375,512.0163043,369.5869565,219.1521739,952.5434783,1278.418478,380.5054348
449,340.3695652,407.1793478,475.1902174,499.3695652,378.4619565,230.5108696,949.4836957,1249.809783,389.2065217
450,375.6612903,389.9086022,471.8064516,496.5752688,383.2419355,233.4408602,948.8978495,1235.473118,390.5053763
451,383.5645161,382.4516129,463.0860215,500.811828,385.8494624,231.0537634,964.4784946,1245.827957,390.9462366
452,361.7765957,355.3138298,441.6010638,493.1968085,383.8085106,229.2287234,949.3617021,1261.255319,386.3723404
453,366,357.4052632,427.3789474,483.7473684,385.1315789,233.5157895,928.5894737,1257.821053,387.5052632
454,378.1473684,377.1789474,429.4894737,472.9578947,402.1473684,233.2105263,912.0473684,1254.831579,393.5526316
455,374.9739583,343.0416667,433.0520833,461.3697917,410.796875,237.1302083,879.9427083,1267.25,405.9375
456,384.8489583,282.3489583,432.8177083,478.6510417,413.9739583,253.9427083,885.6302083,1297.135417,414.7083333
457,373.7010309,243.8659794,425.6958763,496.556701,408.5360825,260.1391753,884.2061856,1298.974227,407.2938144
458,356.0257732,258.6597938,432.7216495,508.3350515,416.371134,255.2371134,875.5670103,1311.082474,406.314433
459,335.8717949,285.9794872,447.6923077,510.7897436,419.4102564,250.2358974,868.0615385,1325.302564,410.3846154
460,336.3846154,307.225641,459.7076923,514.5538462,420.3846154,255.7692308,870.2,1336.569231,418.2153846
461,325.106599,313.928934,452.8121827,513.0812183,431.0659898,265.3807107,850.0761421,1317.370558,410.2081218
462,320.0918367,293.1326531,453.5459184,517.2295918,445.7091837,278.5663265,851.3673469,1343.479592,407.0102041
463,312.142132,272.3401015,459.964467,519.6598985,463.7563452,281.4416244,838.7766497,1376.370558,406.9847716
464,307.7727273,264.7222222,468.7373737,526.8333333,482.5505051,279.5505051,818.0707071,1367.89899,406.2272727
465,316.4824121,278.4572864,473.7135678,530.5175879,513.2261307,283.2060302,801.2311558,1351.306533,406.0201005
466,337.33,291.55,473.455,528.665,524.7,285.685,800.915,1350.81,412.995
467,395.1633663,298.7673267,486.8465347,520.6237624,527.509901,287.4108911,815.8217822,1347.643564,413.7128713
468,438.6453202,313.4581281,502.5517241,514.4876847,529.5862069,288.4630542,824.8374384,1344.226601,413.3842365
469,417.6764706,320.4460784,504.9264706,513.6911765,539.4264706,282.8333333,820.3578431,1350.745098,417.3088235
470,353.2536585,299.0390244,495.1512195,515.0195122,558.9902439,275.3268293,813.0243902,1366.302439,421.3756098
471,335.6067961,263.131068,480.0776699,504.9563107,575.9029126,278.7718447,798.6796117,1377.106796,421.0485437
472,347.9082126,226.9033816,463.115942,481.1932367,567.1884058,284.9227053,770.4251208,1393.483092,426.9323671
473,358.9903846,207.9519231,447.1634615,461.3028846,546.3125,291.4855769,757.2692308,1410.201923,432.4807692
474,340.2115385,199.7163462,445.1490385,457.7211538,548.3125,299.7259615,757.4855769,1425.086538,433.9326923
475,348.5410628,195.410628,444.9903382,467.173913,579.9661836,307.6328502,768.0193237,1451.241546,436.3140097
476,370.2173913,208.5603865,441.5169082,479.8550725,605.057971,314.2077295,765.3719807,1487.584541,443.8454106
477,387.8995215,210.4688995,433.645933,474.937799,612.2631579,321.0143541,742.0191388,1480.521531,443.492823
478,391.4066986,203.3157895,436.3588517,475.7751196,626.8899522,319.138756,729.4593301,1459.210526,437.9043062
479,381.4086538,220.3413462,441.4326923,476.4423077,657.3701923,317.5913462,720.8413462,1477.423077,428.2019231
480,386.7703349,203.8229665,450.4114833,474.2009569,681.6124402,323.5933014,693.6985646,1498.933014,418.9617225
481,376.6095238,191.1571429,464.8619048,482.8142857,703.4095238,333.4904762,665.7095238,1473.519048,419.1047619
482,399.6761905,193.1333333,482.2761905,499.2904762,690.1952381,345.2095238,645.552381,1424.257143,422.7285714
483,393.5904762,190.9952381,487.1857143,504.4571429,655.0095238,351.752381,636.5095238,1380.242857,420.6238095
484,394.3649289,182.5592417,487.7251185,500.1943128,636.2890995,346.985782,623.4123223,1374.56872,412.0047393
485,401.0947867,187.3459716,493.4028436,498.8957346,660.2274882,337.4976303,624.4976303,1386.004739,407.2464455
486,424.4292453,198.0518868,489.3962264,497.3915094,674.4009434,326.4481132,628.1273585,1367.349057,404.8160377
487,479.6190476,193.3380952,484.6190476,498.6142857,681.3380952,326.6333333,624.3238095,1365.904762,412.247619
488,478.9043062,190.7177033,478.2009569,494.8133971,697.5502392,338.6507177,634.7416268,1390.660287,425.7511962
489,430.3014354,189.2631579,477.1818182,486.0334928,706.5645933,350.5263158,635.9569378,1403.440191,431.8421053
490,420.2259615,191.2980769,487.5721154,474.2740385,720.625,360.1201923,624.9951923,1407.567308,432.1971154
491,416.1153846,192.6346154,500.2115385,460.5913462,729.0625,373.1346154,594.8173077,1418.663462,430.2548077
492,404.9033816,187.9468599,505.7777778,457.0628019,720.6231884,382.8599034,581.0724638,1432.73913,434.6376812
493,393.6213592,198.0436893,498.0145631,457.6407767,706.1650485,391.6165049,578.1262136,1426.097087,449.0145631
494,398.1504854,198.4368932,498.6067961,462.6650485,694.9223301,401.2864078,569.407767,1446.514563,461.4320388
495,385.4805825,190.868932,510.0631068,469.3009709,688.9417476,398.368932,548.3398058,1479.902913,454.7524272
496,397.0098039,177.0343137,517.3921569,468.6960784,696.6666667,394.7009804,540.6078431,1494.416667,444.1715686
497,430.7009804,176.3872549,523.7843137,459.0980392,692.877451,408.4117647,535.1127451,1515.308824,437.5735294
498,425.0738916,178.9852217,529.2906404,439.8472906,705.3497537,432.1083744,528.3694581,1533.763547,430.2610837
499,396.6930693,176.6930693,526.8069307,417.1089109,702.6534653,440.7970297,513.8811881,1526.836634,420.2722772
500,398.0594059,160.6732673,515.9356436,411.6782178,693.8811881,443.0792079,479.009901,1500.40099,416.3762376
501,414.7277228,156.4207921,502.7326733,416.0148515,682.1039604,443.3316832,452.1732673,1465.267327,420.5693069
502,462.0594059,155.0594059,495.0841584,423.2524752,677.6039604,443.019802,443.8465347,1443.717822,425.2920792
503,506.9408867,148.4975369,497.1231527,426.9162562,675.0541872,442.6009852,433.3152709,1427.325123,423.2315271
504,535.0049261,152.5172414,512.9211823,425.8226601,675.0738916,451.364532,426.3940887,1423.546798,422.364532
505,509.8861386,163.6683168,526.8762376,418.519802,669.9059406,459.6633663,418.3069307,1423.985149,424.9207921
506,455.7772277,171.1237624,526.0990099,415.0148515,664.5049505,465.0346535,421.7376238,1421.069307,432.3415842
507,405.4356436,165.4405941,517.7227723,424.8712871,656.539604,467.9653465,424.3762376,1409.306931,433.7326733
508,392.1724138,150.3891626,513.1970443,430.955665,643.729064,457.5073892,413.9211823,1398.945813,420.320197
509,394.0591133,145.7044335,512.8719212,431.2463054,626.817734,461.1280788,403.862069,1422.684729,406.2118227
510,413.137931,151.1477833,510.1330049,425.4581281,620.1477833,469.3497537,401.635468,1452.79803,399.9901478
511,391.9356436,154.5346535,514.7722772,412.5990099,617.4009901,469.1039604,407.7970297,1450.435644,396.970297
512,362.1485149,152.529703,518.7574257,403.2920792,605.5544554,468.7326733,419.4009901,1426.519802,399.7128713
513,364.2537313,148.5870647,522.880597,396.2487562,589.4079602,483.4577114,418.6218905,1394.676617,411.4875622
514,380.1840796,145.6567164,518.8457711,383.4875622,575.840796,492.8905473,408.1641791,1372.741294,421.318408
515,414.1940299,145.7711443,511.7810945,375.1293532,568.7064677,504.0149254,394.5373134,1367.61194,420.3731343
516,428.1683168,144.4455446,508.7623762,376.5693069,564.490099,510.960396,378.7029703,1368.891089,410.1485149
517,458.4179104,144.4527363,510.4825871,379.8258706,564.800995,506.7363184,365.1542289,1361.621891,399.4328358
518,507.9004975,145.641791,514.1293532,387.0149254,552.5621891,501.5422886,340.2089552,1358.512438,394.039801
519,544.6119403,147.7064677,516.0497512,401.0845771,543.9253731,502.8855721,330.0497512,1359.124378,394.0945274
520,550.9950495,141.7722772,508.5,404.6089109,541.2029703,508.4405941,317.5247525,1335.935644,390.6386139
521,516.0049261,137.9852217,503.4581281,398.2512315,533.7339901,528.4729064,312.729064,1323.847291,386.6896552
522,466.1421569,135.9068627,498.4362745,389.3186275,520.7303922,544.0294118,307.0833333,1316.651961,375.2303922
523,436.0295567,132.6206897,505.364532,381.5566502,528,553.1674877,302.4285714,1298.55665,364.3448276
524,419.9605911,129.9211823,515.679803,373.0985222,545.1674877,554.3546798,293.5320197,1273.428571,360.3399015
525,421.0295567,133.2758621,517.364532,376.1674877,563.6305419,553.7093596,292.2315271,1235.049261,363.4876847
526,425.9460784,136.3480392,511.5980392,389.6911765,580.5490196,563.0098039,286.5833333,1194.808824,367.9558824
527,443.7303922,140.1617647,515.5686275,408.6078431,592.5343137,586.1519608,284.4852941,1168.04902,373.2598039
528,448.6911765,136.4117647,520.8921569,425.7794118,592.5686275,597.3431373,281.9656863,1132.705882,371.3284314
529,446.8128079,132.3940887,515.5123153,427.08867,583.4876847,583.9261084,272.2167488,1104.246305,365.1133005
530,446.3004926,133.0591133,503.1527094,412.2413793,585.7586207,579.5812808,263.9359606,1089.256158,363.6059113
531,446.5693069,136.6732673,502.7376238,410.4356436,595.2920792,601.049505,270.5891089,1084.574257,371.1930693
532,435.3663366,138.8118812,508.6782178,410.8613861,609.0990099,623.7277228,274.509901,1080.217822,370.3663366
533,403.7524752,140.1831683,520.5693069,403.5792079,642.3910891,636.3712871,275.8811881,1082.29703,368.6683168
534,406.6551724,138.2906404,528.4334975,385.4876847,677.3004926,646.8128079,274.8078818,1107.374384,365.1871921
535,434.1089109,139.0891089,530.1485149,373.5742574,712.2821782,665.6237624,265.5990099,1154.925743,363.4455446
536,435.0346535,138.2623762,536.6089109,372.4207921,730.8465347,662.5742574,258.1237624,1164.673267,365.3465347
537,428.8275862,135.8472906,539.4975369,374.1576355,732.4137931,665.453202,258.8916256,1126.270936,356.862069
538,434.2512315,135.0837438,542.044335,369.0689655,736.7093596,676.8571429,258.8965517,1081.320197,350.3497537
539,466.529703,135.7623762,548.2821782,361.4257426,753.2425743,678.1089109,252.1188119,1067.133663,354.4356436
540,486.358209,134.4527363,555.8109453,366.2835821,766.3631841,673.9701493,252.0199005,1084.776119,372.1393035
541,460.23,128.735,547.725,379.61,763.355,666.655,254.57,1081.855,384.54
542,449.9296482,130.4874372,540.6633166,392.361809,774.1155779,667.8844221,259.3567839,1062.688442,393.7386935
543,458.3065327,132.0100503,539.3065327,391.6030151,791.8090452,681.3266332,263.0904523,1071.934673,394.9497487
544,436.405,132.155,542.34,378.29,804.835,687.39,266.215,1103.37,387.09
545,392.8190955,133.5125628,546.5829146,366.1909548,814.6331658,714.6432161,258.4924623,1140.542714,370.7638191
546,366.2424242,137.469697,544.5959596,365.1868687,821.1262626,743.5757576,256.7121212,1137.444444,361.3939394
547,355.3214286,137.5,537.5714286,371.4489796,833.8622449,753.8673469,254.7806122,1107.97449,362.2704082
548,379.8,133.8153846,528.6,366.9794872,830.5846154,764.5076923,259.1128205,1078.471795,361.7589744
549,402.0463918,128.7525773,521.2886598,354.3969072,818.3505155,786.0618557,267.5721649,1065.57732,356.3762887
550,404.7010309,131.5670103,513.0051546,346.1804124,823.6597938,791.4329897,272.4896907,1053.231959,354.814433
551,377.5721649,132.7010309,504.2989691,350.4484536,847.5927835,792.2319588,264.5103093,1048.268041,355.4536082
552,345.5206186,131.5360825,504.6494845,355.1134021,858.8453608,813.3247423,260.8659794,1035.541237,358.9793814
553,348.4870466,130.388601,498.0725389,354.5751295,853.5129534,822.9378238,256.8549223,1016.870466,357.9585492
554,352.825641,130.1435897,484.8205128,347.6615385,858.8666667,796.3282051,251.1794872,986.1230769,353.1897436
555,359.7846154,132.2153846,491.0717949,342.0512821,874.7282051,801.3897436,251.4051282,963.6871795,353.2512821
556,350.7897436,131.2205128,499.4153846,331.7487179,895.3589744,812.6,255.8358974,940.9435897,352.5846154
557,339.4358974,130.7641026,497.3435897,328.0205128,935.7333333,833.0615385,256.0307692,924.3230769,350.5897436
558,313.2653061,132.8265306,480.5612245,342.9081633,965.9387755,830.6938776,255.1581633,911.8571429,352.7193878
559,297.2346939,131.9642857,469.0459184,370.4642857,956.25,816.1479592,254.5204082,927.755102,353.9081633
560,307.75,134.8928571,464.622449,392.3367347,967.9030612,820.3112245,258.005102,932.2704082,343.7244898
561,322.0204082,135.4030612,459.7857143,409.8061224,1016.938776,809.9744898,259.6938776,928.0969388,343.4540816
562,348.0867347,131.7193878,456.7091837,417.3214286,1035.056122,795.3979592,260.5,913.0612245,347.3112245
563,348.7602041,130.0102041,460.7346939,414.6020408,1049.397959,797.4234694,259.1326531,887.5867347,348.7908163
564,343.122449,130.5306122,471.2908163,400.7193878,1076.137755,807.0918367,257.2244898,858.2346939,348.7806122
565,353.1128205,131.974359,488.5846154,375.5948718,1073.897436,805.8461538,259.8461538,861.0871795,347.7948718
566,353.5846154,130.5846154,494.6923077,355.3641026,1047.369231,810.0153846,258.4564103,873.625641,343.1128205
567,374.5230769,128.1282051,484.7230769,352.4358974,1062.492308,810.8102564,258.3333333,873.7333333,338.3282051
568,376.9591837,130.1938776,474.4030612,358.9744898,1107.627551,828.8061224,255.8316327,842.0153061,337.2346939
569,362.3654822,135.177665,477.3908629,358.6954315,1132.705584,854.2690355,248.2284264,805.8730964,331.7969543
570,356.7258883,137.4720812,484.5228426,354.5532995,1136.908629,868.8172589,245.5685279,788.6040609,333.6497462
571,358.0353535,137.6060606,474.7828283,340.5909091,1121.348485,877.4494949,245.7171717,778.6868687,336.1969697
572,360.6142132,136.7461929,465.5431472,332.4416244,1130.690355,873.5939086,246.6395939,782.9492386,334.3147208
573,360.7602041,137.4846939,467.9795918,331.5765306,1151.403061,882.1377551,246.6326531,793.3469388,332.6377551
574,351.2653061,136.7295918,470.6683673,330.0561224,1133.709184,889.5510204,251.7857143,782.5510204,335.1887755
575,356.2091837,132.7142857,466.1326531,324.5153061,1101.494898,896.3265306,255.2806122,773.1989796,341.5612245
576,354.3826531,129.5714286,456.4234694,320.5867347,1072.586735,882.9591837,243.7755102,773.255102,344.2397959
577,343.122449,130.1734694,453.8010204,333.3520408,1060.571429,882.3265306,236.2755102,774.0255102,341.8061224
578,334.5948718,132.4820513,451.2153846,353.5128205,1050.579487,877.5230769,234.7333333,774.4717949,343.8871795
579,326.8102564,135.3538462,455.6974359,369.3897436,1037.85641,872.2307692,235.9128205,771.5948718,346.8461538
580,319.8556701,135.1082474,476.4717949,373.0206186,1017.010309,868.025641,238.9587629,756.4587629,347.0670103
581,315.9587629,130.5206186,491.1494845,367.0927835,1006.304124,851.0721649,241.8041237,758.5309278,347.9175258
582,331.5824742,130.6494845,479.6752577,358.0206186,1004.520619,850.3195876,244.7938144,769.0412371,347.8659794
583,358.0618557,133.9381443,462.3041237,341.1030928,986.5206186,865.1958763,236.4484536,774.9226804,346.9175258
584,354.2164948,136.7938144,453.4690722,320.8505155,976.3041237,893.6649485,235.6597938,778.4639175,346.6340206
585,328.9015544,133.9222798,456.1036269,311.7668394,978.1398964,919.9792746,243.3471503,787.015544,350.4663212
586,352.2176166,132.1554404,468.6787565,316.0051813,970.0466321,948.8393782,247.642487,784.3056995,352.1606218
587,399.9015544,139.1865285,473.5647668,323.1139896,938.8393782,969.9274611,247.0569948,769.1502591,347.8186528
588,426.5412371,141.1030928,471.9484536,324.9123711,900.1134021,966.7731959,242.5824742,749.2886598,341.1082474
589,422.6752577,137.3402062,479.4587629,328.4123711,866.0309278,959.2113402,235.7268041,746.0670103,335.2783505
590,408.5388601,134.9326425,484.7564767,329.6010363,863.9274611,948.2901554,235.2694301,751.119171,331.6476684
591,398.4123711,130.1804124,486.6391753,320.8659794,871.3298969,942.2525773,239.8298969,766.9690722,330.3608247
592,372.9278351,129.2938144,485.0670103,304.6804124,883.0103093,958.6958763,240.8247423,761.0103093,334.2989691
593,362.685567,129.8814433,490.4020619,290.7731959,887.4896907,979.3865979,238.9536082,748.7061856,341.2216495
594,356.6943005,129.238342,505.6735751,289.9326425,880.6580311,987.4611399,234.4093264,739.253886,345.6062176
595,307.7253886,129.9067358,512.119171,295.0829016,871.0310881,983.5958549,234.4041451,736.1398964,340.4196891
596,303.0362694,130.8963731,506.3005181,297.1243523,855.7098446,960.507772,235.2849741,747.4404145,331.0880829
597,314.5340314,128.6020942,500.1989529,293.9057592,843.7748691,958.9528796,242.0837696,752.6910995,328.895288
598,331.3894737,131.9315789,492.0526316,288.0157895,822.8578947,954.1421053,249.5157895,746.3894737,325.7105263
599,348.9842105,135.7789474,492.0736842,281.6105263,809.0105263,948.9263158,249.3578947,744.1473684,323.0105263
600,370.1640212,132.3439153,498.973545,274.2116402,791.7513228,969.021164,247.6402116,738.4285714,324.8359788
601,391.1851852,126.7989418,506.7460317,267.4285714,785.021164,1003.005291,254.3544974,726.4656085,327.3544974
602,392.1058201,128.989418,516.0582011,263.4761905,803.7407407,1020.359788,260.1375661,719.4550265,322.3968254
603,397.8253968,132.7671958,519.3386243,257.6084656,804.5661376,1005.740741,261.7619048,709.1058201,312.4179894
604,446.042328,134.8465608,522.7037037,254.0529101,786.5661376,1009.253968,263.2751323,684.7037037,308.3650794
605,467.7052632,132.3263158,518.6684211,256.0894737,791.4368421,984.3894737,263.6421053,669.3526316,302.5736842
606,460.8736842,128.6,514.6210526,263.9684211,790.7263158,998.1894737,267.9684211,669.3947368,298.9421053
607,389.0157895,131.2736842,511.1947368,273.7473684,766.4210526,1051.942105,263.4736842,662.6473684,297.6578947
608,366.4473684,135.2105263,504.4368421,276.2631579,751.1947368,1086.842105,257.5578947,650.0105263,297.4157895
609,359.0628272,138.2931937,503.3560209,274.2408377,739.2041885,1066.319372,254.2931937,634.617801,295.0209424
610,363.1421053,141.2263158,512.1526316,277.3736842,727.4631579,1064.068421,256.5842105,633.6947368,294.8157895
611,349.6137566,145.2116402,522.047619,277.3968254,719.5714286,1040.645503,256.1111111,642.4867725,295.2539683
612,356.8359788,152.6878307,534.4021164,272.3121693,705.9206349,1016.359788,254.1111111,644.8042328,291.9417989
613,373.5343915,151.7248677,549.4550265,266.7936508,694.1005291,1019.746032,253.9259259,638.5767196,284.026455
614,396.2234043,141.4468085,571.3138298,261.3510638,691.9042553,1038.888298,255.1595745,639.643617,276.8882979
615,418.2210526,131.4894737,576,252.1631579,684.3473684,1045.978947,254.0263158,638.7315789,271.1947368
616,446.8210526,128.1947368,567.1473684,243.5947368,685.5789474,1051.8,247.6947368,631.5894737,271.7421053
617,510.1894737,127.6210526,553.5789474,236.0210526,678.0789474,1058.994737,245.3894737,624.9526316,275
618,548.2631579,129.0684211,547.9263158,235.3736842,659.4789474,1070.347368,235.5368421,621.1,275.1210526
619,546.4074074,130.1851852,553.8888889,236.8042328,663.0952381,1069.084656,229.3280423,620.3333333,276.5185185
620,507.7936508,128.984127,554.6984127,234.9365079,673.6137566,1055.343915,230.6455026,621.8042328,276.037037
621,474.4920635,127.5661376,551.3174603,230.5291005,661.3386243,1038.015873,232.8359788,617.5555556,272.6507937
622,452.3473684,124.2263158,553.3578947,223.0736842,648.9315789,1040.068421,225.5631579,598.3263158,265.8315789
623,490.8062827,125.9371728,581.7801047,223.2670157,679.8481675,1094.350785,220.617801,595.8848168,266.9895288
624,547.052356,129.6596859,617.2251309,227.4293194,698.973822,1144.031414,221.2774869,587.9895288,266.5811518
625,553.2146597,131.7015707,639.382199,233.8272251,689.8010471,1156.287958,225.1308901,569.0366492,268.6806283
626,553.3612565,130.8534031,641.8324607,238.3298429,692.4973822,1161.015707,224.4921466,547.9162304,273.6858639
627,575.2291667,130.015625,639.0677083,241.203125,702.0416667,1186.395833,219.5,531.0833333,271.1354167
628,612.453125,131.046875,639.7708333,233.2291667,722.859375,1192.807292,220.4166667,527.1770833,261.1354167
629,560.328125,128.6770833,641.7135417,221.7135417,758.1145833,1194.833333,219.2135417,535.3020833,254.1041667
630,528.53125,127.125,645.8020833,217.3802083,769.109375,1207.875,216.40625,540.796875,254.9947917
631,495.25,130.7760417,662.3020833,214.9739583,774.640625,1222.859375,221.5989583,543.5677083,261.0104167
632,448.8082902,132.1761658,684.2176166,206.2331606,753.9896373,1215.917098,223.7357513,539.3471503,260.7979275
633,479.6632124,132.6839378,694.8497409,200.4611399,722.642487,1227.196891,221.3108808,533.6165803,263.6994819
634,523.7068063,132.0575916,692.2303665,205.3193717,704.460733,1274.005236,220.6230366,522.7486911,257.5340314
635,550.0989583,126.6302083,699.515625,210.0416667,706.9635417,1290.619792,219.3385417,513.46875,245.4375
636,580.617801,127.1465969,716.4450262,206.8115183,719.2984293,1319.628272,222.9057592,515.3141361,245.3246073
637,641.3926702,130.9947644,711.6387435,198.2879581,722.921466,1304.157068,222.2146597,517.6649215,243.6963351
638,698.3926702,132.7643979,694.9685864,194.9371728,721.4764398,1286.628272,219.2356021,524.0628272,239
639,703.746114,128.642487,675.0051813,190.5388601,714.5699482,1296.974093,216.2642487,525.3419689,234.4248705
640,734.015625,127.6875,682.609375,189.0625,722.2916667,1347.177083,216.921875,526.3229167,236.6979167
641,663.0103627,127.0362694,698.1088083,187.0932642,713.4196891,1365.129534,215.4766839,515.0414508,237.9119171
642,607.5208333,129.5885417,729.5885417,186.7708333,701.0625,1355.677083,217.859375,510.4270833,236.2239583
643,613.109375,128.4010417,744.3229167,183.8385417,706.8072917,1342.057292,221.703125,515.9479167,229.9270833
644,677.3541667,128.359375,746.1614583,179.9114583,730.84375,1326.401042,225.7135417,516.0833333,227.265625
645,709.3177083,129.3229167,745.2083333,176.3229167,713.8697917,1326.088542,222.7864583,504.15625,225.859375
646,689.9894737,132.0526316,754.7263158,178.1631579,710.5631579,1307.357895,223.2263158,483.8789474,222.9473684
647,688.565445,136.4921466,766.0366492,181.0890052,724.7277487,1283.638743,225.2722513,473.6544503,217.6806283
648,673.5,138.2947368,782.9473684,183.4894737,747.5421053,1267.921053,227.9052632,470.5,214.6210526
649,715.7894737,135.4315789,793.2157895,185.3631579,766.8894737,1253.905263,225.8210526,470.0684211,215.9526316
650,846.9736842,130.6947368,797.9052632,189.4,769.6789474,1279.789474,220.2842105,469.4157895,216.1578947
651,981.9368421,130.4473684,811.8368421,191.1578947,785.1,1338.047368,216.1789474,449.2,213.8894737
652,1034.268421,130.8473684,833.4210526,188.3526316,808.2105263,1400.394737,213.2157895,426.8157895,209.9789474
653,1010.489474,127.7105263,849.2210526,187.5526316,814.4105263,1441.457895,215.6052632,421.2578947,210.8578947
654,900.6736842,126.2789474,862.4736842,189.8157895,811.0052632,1418.321053,221.5157895,419.2684211,207.0210526
655,791.0837696,131.6858639,873.1465969,192.6544503,805.0680628,1373.659686,225.4031414,417.0314136,203.1623037
656,685.6822917,134.5,878.5104167,190.890625,800.4791667,1366.5,219.5885417,408.65625,201.2135417
657,646.375,134.0520833,894.3802083,189.5260417,802.4739583,1381.078125,215.5572917,401.2864583,199.390625
658,643.3612565,131.591623,904.486911,187.8900524,799.4659686,1369.455497,217.3507853,402.3141361,198.2146597
659,667.046875,133.203125,876.9270833,185.515625,797.2916667,1371.895833,216.390625,403.75,193.96875
660,754.7447917,134.1666667,843.09375,183.2864583,805.3385417,1378.96875,216.2447917,400.0208333,189.0364583
661,912.0260417,135,832.9739583,179.125,825.3385417,1386.484375,222.9322917,388.3020833,186.6197917
662,1006.026042,137.0625,835.2916667,174.59375,842.1770833,1383.286458,226.171875,373.3854167,181.3125
663,984.611399,135.4663212,841.0103627,173.8238342,848.1865285,1379.699482,227.0932642,363.0103627,176.3056995
664,929.6010363,135.0414508,833.2279793,171.3419689,854.4559585,1400.378238,227.761658,354.4974093,175.5129534
665,952.9427083,139.1458333,829.828125,168.8645833,868.4947917,1411.557292,224.984375,342.2239583,178.890625
666,894.6145833,137.3958333,847.8489583,166.6822917,873.8385417,1382.463542,220.953125,326.4427083,179.4583333
667,840.015625,131.2708333,872.984375,166.8177083,891.5416667,1365.619792,220.4166667,322.15625,177.6458333
668,806.390625,129.3958333,882.6354167,167.9947917,904.8177083,1382.921875,221.171875,308.5208333,173.34375
669,836.8854167,129.5364583,874.0572917,166.5677083,899.15625,1399.151042,216.3125,296.7239583,168.65625
670,872.3697917,129.3385417,867.5989583,168.0416667,894.0572917,1416.583333,209.7135417,300.5260417,167.7552083
671,882.9010417,132.515625,875.9114583,172.5208333,920.609375,1442.651042,210.1354167,303.546875,169.0052083
672,937.4041451,131.5388601,874.492228,172.1813472,944.3316062,1425.15544,209.8704663,297.3782383,167.7357513
673,971.1139896,132.4559585,874.611399,173.2487047,943.7875648,1401.507772,212.1295337,304.4974093,168.507772
674,954.7512953,133.0207254,879.6683938,172.4715026,911.1968912,1375.772021,213.3056995,300.4974093,168.5025907
675,968.2916667,129.953125,895.4739583,168.7447917,887.2604167,1365.432292,213.09375,284.6458333,167.1979167
676,996.6822917,130.59375,909.5052083,165.0833333,887.1145833,1378.145833,212.8125,268.4114583,165.1822917
677,953.026178,129.7434555,908.2041885,164.3089005,908.3926702,1401.722513,218.6335079,268.4188482,164.9633508
678,954.3789474,132.8421053,901.1631579,167.2789474,925.0263158,1425.136842,221.6368421,272.3842105,166.7842105
679,954.6020942,136.9685864,898.0994764,168.4397906,940.7120419,1427.86911,216.8324607,268.8586387,166.6020942
680,1001.429319,142.4973822,893.1465969,168.2617801,964.4921466,1407.303665,213.8376963,261.2146597,163.9319372
681,973.3926702,134.2827225,868.3664921,166.8219895,979.2670157,1378.052356,209.8272251,255.2670157,160.5497382
682,946.2010582,129.3174603,851.5767196,166,984.7566138,1362.47619,207.010582,256.994709,162.4179894
683,1023.343915,128.8730159,855.7460317,164.0634921,940.0846561,1372.201058,208.005291,259.9312169,163.8359788
684,1067.301587,128.7354497,876.2275132,162.5079365,932.7989418,1400.925926,211.4179894,258.7460317,163.1640212
685,1036.304813,130.3048128,885.1122995,164.0427807,950.6737968,1433.721925,213.8128342,248.1764706,162.1925134
686,959.5989305,128.8609626,867.4545455,164.5935829,951.631016,1407.069519,210.315508,233.4064171,160.7540107
687,1017.904255,128.356383,855.962766,164.856383,938.7446809,1337.414894,205.6861702,226.5531915,159.0744681
688,1177.139785,131.9462366,887.5376344,168.2580645,946.0913978,1316.413978,206.0806452,231.6612903,158.9946237
689,1265.903226,133.8010753,938.0053763,168.8010753,924.0322581,1346.629032,208.1505376,229.5322581,158.3602151
690,1195.951613,131.5430108,967.0107527,165.0806452,895.8978495,1368.021505,212.0483871,228.3387097,156.827957
691,1218.282609,131.8804348,978.5652174,162.0054348,874.9565217,1392.934783,216.2173913,228.6195652,156.8695652
692,1147.420765,135.1147541,966.4371585,161.6502732,876.3005464,1412.295082,216.6775956,224.9071038,156.7322404
693,1105.901099,132.7582418,949.6648352,160.8461538,880.6648352,1425.895604,211.1868132,221.2747253,154.9285714
694,1201.670391,132.7541899,945.8212291,162.452514,894.7765363,1411.698324,213.8603352,221.424581,156.4022346
695,1219.653631,132.8212291,926.4860335,161.0055866,916.5698324,1372.26257,215.3854749,211.7541899,156.2569832
696,1147.095506,132.6910112,922.3988764,159.2921348,943.0730337,1343.129213,211.1011236,203.8820225,154.752809
697,1100.050847,132.9435028,937.9774011,159.8587571,952.8700565,1344.943503,212.7909605,204.5141243,153.1525424
698,1018.491429,132.7028571,946.4228571,164.2342857,945.6285714,1364.868571,219.5942857,208.2457143,152.4457143
699,941.6936416,132.6936416,921.8959538,165.6647399,941.982659,1362.815029,222.7803468,209.2312139,152.2196532
700,895.7953216,134.2982456,895.5146199,165.251462,956.9298246,1353.719298,222.3040936,207.8070175,152.6023392
701,891.2130178,136.2366864,892.9230769,164.2011834,947.8461538,1332.497041,221.2366864,204.1538462,152.8047337
702,929.4311377,140.754491,926.760479,163.0598802,934.1497006,1314.42515,223.9820359,201.1736527,153.4011976
703,1036.589286,138.577381,937.5714286,161.8988095,926.1190476,1278.107143,223.4821429,200.7380952,153.9821429
704,1116.227545,133.4371257,918.3592814,163.1916168,905.3832335,1274.850299,226.4131737,200.2694611,157.8383234
705,1193.728916,131.3493976,888.3795181,165.9939759,859.7710843,1266.421687,223.6024096,200.9096386,160.4879518
706,1203.096386,129.8545455,869.0545455,167.9818182,831.8,1268.327273,219.630303,201.9878788,159.0666667
707,1181.733333,129.030303,857.6363636,168.1272727,819.1212121,1272.569697,215.3818182,199.2787879,156.4
708,1061.355828,128.6687117,857.8343558,166.0429448,793.6564417,1277.588957,214.3435583,195.1840491,153.6564417
709,928.173913,129.2732919,871.6583851,164.2546584,791.1987578,1243.012422,213.5900621,196.6397516,151.9068323
710,838.9,128.23125,879.03125,163.75625,826.075,1191.125,209.05,200.475,150.28125
711,828.6100629,126.8238994,884.9496855,165.2264151,864.4528302,1200.691824,209.0754717,201.8993711,148.836478
712,867.7911392,126.8544304,881.7405063,163.5949367,883.2405063,1232.259494,207.5316456,201.5189873,147.7341772
713,941.8481013,127.4113924,865.4936709,162.3670886,877.2025316,1254.85443,204.6329114,200.4240506,145.6139241
714,1073.00641,129.2307692,857.25,165.1153846,869.4807692,1274.160256,207.4102564,198.4871795,146.7628205
715,1199.103226,129.1354839,842.6774194,166.8967742,858.9806452,1259.012903,210.1225806,192.4129032,146.4967742
716,1284.428571,128.1363636,815.5064935,163.1883117,836.038961,1202.74026,210.1883117,186.6363636,146.1818182
717,1226.796053,129.5592105,789.3947368,161.4407895,811.9473684,1219.677632,210.2631579,187.7039474,150.4342105
718,1073.848684,129.0394737,761.5328947,159.0328947,787.8947368,1223.223684,210.1052632,185.8026316,151.5789474
719,917.0066225,129.7615894,768.2582781,160.8013245,794.8543046,1236.099338,212.0993377,183.1721854,151.7615894
720,844.2466667,129.1466667,776.16,162.0466667,795.7,1241.02,210.42,182.3066667,148.9066667
721,839.6308725,128.4630872,773.0402685,162.9060403,788.5838926,1242.993289,211.261745,178.147651,147.4563758
722,861.9395973,126.5100671,764.8724832,160.1543624,795.7718121,1217.959732,213.0939597,175.7919463,145.9261745
723,935.0748299,130.1088435,767.6462585,157.6462585,805.9387755,1203.210884,218.9319728,180.4829932,147.7891156
724,956.8424658,134.0136986,749.6575342,153.8356164,767.7739726,1211.136986,218.8219178,179.6986301,145.9315068
725,939.0965517,136.0965517,743.6,156,734.9517241,1238.317241,217.2206897,175.1724138,145.4482759
726,940.958042,136.1678322,772.7132867,158.951049,725.041958,1231.643357,222.4755245,171.4195804,145.8111888
727,925.1489362,133.248227,819.751773,158.822695,723.5744681,1220.078014,226.0070922,170.2765957,145.106383
728,878.0797101,140.4855072,851.115942,155.9565217,731.0942029,1219.217391,224.5507246,173.9927536,143.7681159
729,930.4963504,169.4306569,836.2554745,153.1386861,719.0948905,1240.737226,228.2335766,179.1605839,142.1313869
730,1064.514925,170.0373134,819.4552239,156.2985075,718.358209,1262.88806,238.1567164,177.0074627,142.4925373
731,1143.816794,154.0152672,805.0152672,159.1679389,733.740458,1243.847328,241.3129771,172.6335878,143.5267176
732,1072.589147,153.9069767,788.2325581,157.4031008,742,1206.100775,236.1937984,175.0930233,142.8062016
733,1013.425197,167.1889764,785.5511811,161.1417323,738.0629921,1203.929134,237.2283465,178.2755906,144.6062992
734,1023.558333,168.8916667,789.0833333,163.7583333,762.8833333,1234.116667,236.3083333,182.0583333,148.6333333
735,1143.209091,153.9727273,781.2727273,161.5818182,763.6090909,1250.863636,228.8363636,176.4454545,145.1454545
736,1209.878788,135.1616162,787,162.2626263,757.0606061,1232.181818,219.2929293,173.5656566,140.1010101
737,1235.674157,133.9775281,779.0561798,160.7078652,761.4719101,1212.932584,207.8202247,170.5617978,140.6292135
738,1141.4625,128.05,792.8625,151.075,789.9875,1227.7125,200.7,165.3,142.1625
739,989.1506849,124.7671233,806.9041096,147.9589041,828.1232877,1257.808219,203.5479452,165.5616438,142.9041096
740,902.0144928,131.1014493,826.942029,146.4782609,832.7681159,1300.884058,210.6666667,169.3623188,150.0144928
741,881.1594203,126.3913043,833.7101449,141.115942,829.1449275,1333.536232,209.0144928,166.8405797,151.6521739
742,928.5,123.6470588,839.1323529,139.9264706,872.7205882,1339.867647,207.1323529,167.5,150.2205882
743,1060.985075,125.641791,800.5820896,142.9701493,863.5970149,1300.328358,208.7910448,164.4626866,142.4477612
744,1121.848485,127.6515152,778.6060606,144.6212121,850.8333333,1250.924242,212.2272727,167.6666667,137.8333333
745,1173.892308,129,752.1538462,141.6307692,883.0461538,1217.584615,206.3384615,175.0153846,139.2307692
746,1226.52381,128.3333333,734.8730159,141.5079365,880.3174603,1221.650794,204.8412698,180.1746032,142.0793651
747,1164.306452,124.6129032,706.9677419,143.7741935,844.6935484,1268.741935,209.5967742,180.7903226,142.516129
748,1252.016667,122.3166667,697.6833333,147.65,849.45,1326.066667,219.2,177.95,143.9166667
749,1557.745763,126.4576271,694.5762712,144.6101695,864.4915254,1300.152542,219.4237288,180.4745763,143.7457627
750,1878.789474,127.4912281,704.2631579,140.2280702,843.9473684,1270.192982,220.5087719,181.6140351,141.9122807
751,1923.157895,127.0175439,687.4385965,136.2982456,776.7192982,1282.894737,219.5087719,176.5964912,137.8947368
752,1657.875,129.0535714,670.3214286,139.0178571,729.7142857,1335.017857,220.8392857,171.5892857,139.3928571
753,1377.218182,127.6727273,635,141.9636364,697.0363636,1320.890909,216.7636364,169.2909091,143.5272727
754,1348.283019,130.9811321,620.4150943,144.4716981,689.2264151,1244.849057,214.8113208,176.5849057,150.7924528
755,1457.615385,135.5961538,612.0769231,137.3461538,695.0192308,1209.807692,205.8846154,169.9423077,147.3461538
756,1494.86,138.98,630.34,135.12,712.08,1350.4,209.9,170.46,147.16
757,1277.265306,138.8367347,636.4081633,137.755102,694.5714286,1389.081633,214.6530612,172.7959184,145.6122449
758,993.7346939,134.9387755,631.0204082,138.4489796,672.5306122,1282.959184,214.1020408,174.2040816,142.7142857
759,1044.291667,132.9166667,633.3958333,135.8958333,637.8958333,1202.4375,208.4583333,174.5625,141.3125
760,1177.152174,137.2826087,635.826087,131.8478261,627.6521739,1192.543478,203.326087,176.5869565,139.1304348
761,1299.113636,126.75,627.0681818,130.7727273,638.3181818,1277,211.4772727,172.9090909,138.9318182
762,1354.333333,119.8571429,603.547619,131.1666667,642.6190476,1366.095238,210.3571429,174.2380952,141.8095238
763,1275.780488,119.1707317,561,131.3170732,654.2682927,1338.780488,210.4390244,171.0731707,142.7073171
764,1253.95,119.55,512.225,130.875,627.775,1245.2,202.975,162.1,140.2
765,1179.897436,117.7179487,458.6153846,132.7179487,563.1538462,1123.794872,195.0512821,158.8205128,136.7692308
766,1173.405405,113.7297297,411.6216216,133.2162162,521.2702703,1031.054054,189.1891892,164.9459459,133.8378378
767,1200.941176,106.7647059,379.0294118,130.0588235,507.0294118,956.3529412,184.4705882,164.7058824,130.4411765
768,973.7333333,115.5,364.6666667,130.3333333,506.3333333,905.4666667,185.2,165.6666667,129.9333333
769,817.7407407,122.6666667,350.5185185,136.0740741,462.4444444,896.2592593,188.2962963,177.4074074,132.4074074
770,778.44,111.44,290.24,135.8,396,919.12,179.24,164.68,119.4
771,754.9565217,101.5652174,261.3478261,131.3913043,352.6521739,867.9565217,162.0434783,144,110.5217391
772,702.2105263,104.4736842,265.8421053,132.2631579,352.5789474,870.5263158,157.1052632,144.3157895,111.2105263
773,561.2666667,123.7333333,278.3333333,136.6666667,357.4666667,890.3333333,165.9333333,149.9333333,113.9333333
774,464.5833333,132.4166667,285.5,141.6666667,342.9166667,801.0833333,176.1666667,151.1666667,118.5833333
775,383.5,134,295.25,147.625,343.25,810.5,189.125,158.875,126.375
