Distance_(microns),svbint,krint,svb,mlptint,eve-en,cad,kr,mlpt,gt
0,502.1694915254237,435.2768361581921,398.3502824858757,452.316384180791,225.29943502824858,308.9039548022599,308.4858757062147,551.2824858757062,402.14689265536725
1,516.5586592178771,440.70949720670393,397.18435754189943,440.75977653631287,232.18435754189943,301.97206703910615,315.53072625698326,510.5921787709497,402.50837988826817
2,505.10614525139664,445.7262569832402,386.14525139664806,435.4413407821229,238.03351955307264,292.9608938547486,322.1564245810056,485.05027932960894,393.70949720670393
3,489.24581005586595,450.1117318435754,388.29050279329607,396.77653631284915,234.8268156424581,287.4245810055866,317.45251396648047,466.1117318435754,401.37988826815644
4,497.8707865168539,438.94943820224717,404.2303370786517,374.67977528089887,233.14606741573033,284.90449438202245,317.74719101123594,454.8370786516854,429.0112359550562
5,476.76536312849163,429.268156424581,414.7150837988827,362.18435754189943,237.88826815642457,278.4804469273743,316.2625698324022,448.0949720670391,418.0391061452514
6,493.68715083798884,431.659217877095,420.08379888268155,363.2513966480447,248.3854748603352,266.33519553072625,312.49162011173183,431.8659217877095,426.27932960893855
7,537.3631284916202,435.8435754189944,448.1117318435754,385.0391061452514,262.43575418994413,255.5754189944134,318.5698324022346,412.3631284916201,439.16201117318434
8,557.9050279329609,438.24581005586595,456.5195530726257,393.45251396648047,268.69832402234636,256.6368715083799,329.7877094972067,389.53072625698326,425.9441340782123
9,534.8666666666667,445.3722222222222,435.69444444444446,360.5111111111111,266.6722222222222,252.58333333333334,326.0,359.8277777777778,433.06111111111113
10,523.7888888888889,442.3277777777778,425.3611111111111,319.18888888888887,268.77777777777777,242.75555555555556,320.05555555555554,333.9277777777778,428.43888888888887
11,518.45,442.53333333333336,409.5111111111111,302.0722222222222,275.89444444444445,240.76111111111112,319.50555555555553,294.72222222222223,439.6611111111111
12,505.93888888888887,448.06666666666666,392.27777777777777,301.7055555555556,280.09444444444443,241.62777777777777,328.06111111111113,280.48333333333335,464.1777777777778
13,473.5,450.28333333333336,373.1666666666667,304.3722222222222,275.15555555555557,237.09444444444443,322.8222222222222,275.5444444444444,480.8888888888889
14,450.98333333333335,453.5111111111111,360.4277777777778,301.85555555555555,268.35555555555555,237.33333333333334,319.78333333333336,270.05,480.6111111111111
15,439.15555555555557,451.85555555555555,379.76666666666665,306.05,260.75,231.44444444444446,323.77777777777777,256.0444444444444,477.9166666666667
16,438.4166666666667,461.8888888888889,395.25,300.8722222222222,269.85555555555555,225.34444444444443,325.2611111111111,238.91666666666666,494.45
17,450.5833333333333,487.5722222222222,385.34444444444443,301.23333333333335,276.93333333333334,209.04444444444445,331.56111111111113,221.79444444444445,497.3
18,475.23204419889504,480.4696132596685,378.0773480662983,308.4640883977901,268.8011049723757,199.71823204419888,333.3922651933702,198.09944751381215,476.41988950276243
19,467.7348066298343,477.16574585635357,356.939226519337,316.61878453038673,262.9502762430939,200.939226519337,325.4033149171271,178.28729281767957,450.69613259668506
20,461.43956043956047,459.1923076923077,326.1098901098901,307.5824175824176,268.85164835164835,208.6813186813187,314.3021978021978,166.84615384615384,439.97802197802196
21,436.9945054945055,454.85714285714283,322.0769230769231,291.54395604395603,273.1978021978022,219.02747252747253,309.3296703296703,161.35164835164835,440.9340659340659
22,450.53846153846155,448.967032967033,330.45054945054943,288.14835164835165,282.9725274725275,228.12637362637363,314.6373626373626,156.96153846153845,442.85714285714283
23,468.85164835164835,448.467032967033,329.8901098901099,288.8296703296703,282.65934065934067,219.91758241758242,323.02197802197804,153.47802197802199,466.8626373626374
24,476.45604395604397,453.1098901098901,324.34615384615387,283.8021978021978,262.8021978021978,205.37362637362637,327.0659340659341,152.76923076923077,474.7967032967033
25,465.3425414364641,454.50276243093924,314.707182320442,285.11049723756906,245.12154696132598,202.67403314917127,320.3314917127072,155.54696132596686,459.44198895027625
26,456.1546961325967,459.37016574585635,306.55801104972375,290.31491712707185,236.87292817679557,202.04419889502762,313.5414364640884,156.75138121546962,444.52486187845307
27,463.1491712707182,455.9889502762431,314.3646408839779,291.01657458563534,231.4254143646409,198.65745856353593,316.3370165745856,155.4696132596685,443.49171270718233
28,473.09444444444443,450.47777777777776,324.09444444444443,281.6666666666667,231.55555555555554,201.08333333333334,320.35555555555555,152.58333333333334,452.96666666666664
29,471.6111111111111,451.81666666666666,318.5722222222222,273.28333333333336,231.95,206.35555555555555,325.5833333333333,151.4,457.76666666666665
30,448.6927374301676,462.9888268156425,307.4245810055866,277.3631284916201,231.93296089385476,205.79329608938548,328.18435754189943,153.93296089385476,459.0949720670391
31,450.46927374301674,454.8659217877095,297.5586592178771,280.01675977653633,232.75418994413408,205.49162011173183,320.39106145251395,156.60335195530726,460.6536312849162
32,461.07909604519773,456.1694915254237,296.10169491525426,280.8587570621469,235.9322033898305,208.6045197740113,315.8135593220339,158.59887005649716,470.45197740112997
33,455.3181818181818,458.9375,304.14772727272725,281.1818181818182,239.78977272727272,208.22727272727272,316.0056818181818,156.32386363636363,469.5113636363636
34,442.51704545454544,453.9318181818182,308.90340909090907,278.1363636363636,235.36363636363637,207.4090909090909,317.91477272727275,151.9318181818182,437.7386363636364
35,434.1142857142857,458.7885714285714,311.2914285714286,279.70285714285717,228.43428571428572,204.72,316.5028571428571,152.12,432.53714285714284
36,441.08620689655174,454.8390804597701,313.91379310344826,286.3103448275862,226.70114942528735,202.88505747126436,309.08620689655174,154.7816091954023,460.67241379310343
37,433.0578034682081,443.7919075144509,307.3815028901734,286.02312138728325,227.2601156069364,203.89595375722544,305.271676300578,153.9364161849711,467.60115606936415
38,433.9306358381503,443.2023121387283,311.78034682080926,279.83815028901734,227.51445086705203,207.67052023121389,305.0578034682081,152.5722543352601,462.6300578034682
39,441.04651162790697,452.2093023255814,301.80232558139534,276.76162790697674,229.36046511627907,208.88372093023256,307.7906976744186,151.40697674418604,467.8837209302326
40,438.65497076023394,445.55555555555554,293.2163742690058,271.00584795321635,229.23391812865498,206.7251461988304,309.98830409356725,148.21052631578948,452.2163742690058
41,437.19883040935673,440.0877192982456,285.14619883040933,272.187134502924,223.6140350877193,206.5906432748538,309.91812865497076,149.99415204678363,419.37426900584796
42,433.63157894736844,447.8362573099415,303.85380116959067,278.02923976608184,219.3684210526316,207.36257309941521,304.1812865497076,148.98245614035088,437.7543859649123
43,434.8934911242604,455.3609467455621,291.1065088757396,280.8757396449704,218.94082840236686,204.18343195266272,314.8934911242604,148.33727810650888,428.73372781065086
44,452.6666666666667,450.26190476190476,286.8988095238095,282.4702380952381,219.58928571428572,202.3452380952381,321.76190476190476,152.45833333333334,448.36309523809524
45,448.1488095238095,448.17857142857144,287.76190476190476,275.48214285714283,219.73809523809524,208.54166666666666,322.9166666666667,152.49404761904762,438.625
46,459.0898203592814,439.20958083832335,291.2754491017964,276.1976047904192,220.5808383233533,212.96407185628743,321.70059880239523,155.7125748502994,419.8263473053892
47,475.7857142857143,451.6011904761905,311.82142857142856,286.5238095238095,219.38095238095238,209.4702380952381,321.3452380952381,152.82738095238096,414.6845238095238
48,478.6190476190476,455.3690476190476,330.9107142857143,283.5416666666667,217.04761904761904,204.23214285714286,317.1190476190476,153.19642857142858,413.3392857142857
49,514.7041420118343,467.2248520710059,325.08284023668637,277.56804733727813,215.80473372781066,201.20118343195267,310.6390532544379,153.4378698224852,412.97633136094674
50,530.906432748538,461.85380116959067,310.80116959064327,277.9122807017544,217.69590643274853,202.87134502923976,314.1812865497076,156.00584795321637,414.4736842105263
51,514.9415204678363,449.90058479532166,308.55555555555554,275.07602339181284,221.85380116959064,206.1578947368421,315.3099415204678,158.64912280701753,422.09941520467834
52,476.4035087719298,438.5906432748538,314.97076023391816,272.12280701754383,221.76608187134502,205.76608187134502,315.7894736842105,157.00584795321637,427.7894736842105
53,456.39766081871346,438.36842105263156,325.4736842105263,276.8070175438597,219.8421052631579,200.76023391812865,323.7076023391813,164.33918128654972,424.67836257309943
54,441.4186046511628,447.36046511627904,329.9418604651163,275.34302325581393,218.99418604651163,196.44767441860466,333.5348837209302,171.78488372093022,417.1220930232558
55,434.80232558139534,456.6918604651163,335.24418604651163,283.1744186046512,218.75581395348837,195.3546511627907,342.84302325581393,173.75581395348837,412.3139534883721
56,449.4011627906977,460.7325581395349,344.0813953488372,292.4651162790698,217.81976744186048,198.48837209302326,345.0406976744186,174.82558139534885,419.5232558139535
57,494.3779069767442,471.59302325581393,351.5988372093023,297.7906976744186,219.6453488372093,204.81976744186048,334.75581395348837,172.24418604651163,413.2267441860465
58,529.0346820809249,473.32369942196533,351.57225433526014,294.5433526011561,222.0,208.60693641618496,321.4450867052023,171.84971098265896,401.47398843930637
59,543.5348837209302,461.9651162790698,346.8837209302326,283.7732558139535,222.48837209302326,212.50581395348837,318.0813953488372,171.0639534883721,397.47093023255815
60,574.0232558139535,445.6860465116279,348.48837209302326,281.9360465116279,227.34302325581396,204.9593023255814,330.01162790697674,169.65116279069767,388.6337209302326
61,573.3526011560693,437.5606936416185,366.8901734104046,287.05202312138726,227.0057803468208,200.90751445086704,327.26011560693644,172.16184971098266,398.5202312138728
62,558.7283236994219,459.4566473988439,387.0693641618497,288.1445086705202,227.8150289017341,203.34104046242774,324.4797687861272,180.9942196531792,406.8728323699422
63,545.3872832369942,485.67630057803467,386.9421965317919,285.9306358381503,229.50867052023122,206.09248554913296,328.83815028901734,188.23121387283237,427.05202312138726
64,531.3620689655172,486.2758620689655,376.82183908045977,284.07471264367814,231.79310344827587,209.60919540229884,332.8045977011494,185.77011494252875,426.4310344827586
65,523.316091954023,501.8333333333333,367.89080459770116,286.08620689655174,238.41379310344828,214.55172413793105,344.98275862068965,184.07471264367817,423.4425287356322
66,575.5632183908046,487.764367816092,353.51724137931035,286.78735632183907,244.33333333333334,212.32183908045977,357.0632183908046,188.6206896551724,417.367816091954
67,611.3045977011494,494.36206896551727,349.1034482758621,291.2068965517241,245.05172413793105,210.89080459770116,356.8103448275862,195.49425287356323,395.9310344827586
68,631.0578034682081,510.9364161849711,348.8959537572254,293.6531791907515,247.56069364161849,215.77456647398844,349.73410404624275,202.89017341040463,384.1676300578035
69,600.5549132947976,491.8901734104046,344.3063583815029,288.2023121387283,247.3757225433526,218.49132947976878,342.70520231213874,201.53179190751445,369.5028901734104
70,545.9537572254335,476.6994219653179,353.08092485549133,304.65895953757223,248.27167630057804,221.03468208092485,340.5895953757225,196.95375722543352,385.84393063583815
71,519.703488372093,470.6860465116279,363.1860465116279,311.6046511627907,252.6046511627907,215.0872093023256,346.5,195.51162790697674,401.0813953488372
72,529.9709302325581,462.9244186046512,358.2848837209302,295.5755813953488,250.7325581395349,213.40116279069767,356.6279069767442,192.02906976744185,396.3081395348837
73,541.453488372093,463.01162790697674,355.3081395348837,301.6162790697674,251.75581395348837,208.99418604651163,356.49418604651163,190.13372093023256,399.0174418604651
74,538.8070175438596,463.5672514619883,354.9298245614035,331.2865497076023,249.40350877192984,207.80116959064327,349.8888888888889,193.30409356725147,394.62573099415204
75,538.5813953488372,471.98837209302326,347.02906976744185,344.0581395348837,249.74418604651163,216.66860465116278,342.5639534883721,201.67441860465115,392.00581395348837
76,510.9766081871345,486.3333333333333,353.233918128655,344.57894736842104,252.23976608187135,216.55555555555554,339.35087719298247,211.38011695906434,382.7134502923977
77,493.64912280701753,488.5672514619883,386.2865497076023,339.1169590643275,253.83040935672514,217.24561403508773,338.1812865497076,211.3918128654971,374.22222222222223
78,464.6235294117647,457.25882352941176,426.2705882352941,322.81176470588235,268.6235294117647,220.15882352941176,338.2470588235294,210.46470588235294,373.2705882352941
79,498.0,447.1588235294118,447.29411764705884,319.2705882352941,280.3941176470588,218.95882352941177,348.13529411764705,215.3470588235294,387.20588235294116
80,534.491124260355,449.49112426035504,434.84615384615387,314.7810650887574,287.50295857988164,216.10650887573965,355.8757396449704,215.90532544378698,386.64497041420117
81,554.7559523809524,479.9761904761905,413.4940476190476,313.6488095238095,291.5654761904762,216.33928571428572,352.8690476190476,212.08333333333334,390.8333333333333
82,615.2035928143713,484.1497005988024,405.49101796407183,313.9760479041916,291.63473053892216,216.24550898203591,344.1796407185629,209.29341317365268,386.5988023952096
83,675.2650602409639,470.0240963855422,413.27710843373495,315.4156626506024,293.6686746987952,217.1265060240964,337.644578313253,203.39156626506025,372.50602409638554
84,655.5361445783133,494.00602409638554,407.34939759036143,310.81325301204816,299.90361445783134,219.6867469879518,342.0722891566265,194.8132530120482,360.2289156626506
85,667.3939393939394,508.7030303030303,409.72121212121215,303.3575757575758,305.5030303030303,221.1939393939394,363.6545454545454,192.5878787878788,340.94545454545454
86,686.0424242424242,508.4787878787879,412.2909090909091,302.4727272727273,306.72121212121215,223.4909090909091,364.91515151515154,192.83030303030304,342.830303030303
87,659.609756097561,500.1463414634146,433.1585365853659,296.1280487804878,301.2317073170732,221.6768292682927,347.9634146341463,194.4939024390244,350.4451219512195
88,650.717791411043,514.9815950920246,459.74233128834356,281.55828220858893,299.39263803680984,217.91411042944785,337.16564417177915,194.51533742331287,345.39877300613495
89,653.8957055214723,525.2024539877301,465.7177914110429,277.7546012269939,303.7361963190184,222.84662576687117,337.7852760736196,196.1840490797546,356.30674846625766
90,598.4691358024692,503.2283950617284,468.51234567901236,273.3395061728395,309.3888888888889,231.58641975308643,338.88271604938274,198.2716049382716,355.75308641975306
91,574.2360248447205,481.5217391304348,464.14285714285717,268.72049689440996,312.41614906832297,236.1552795031056,334.3726708074534,187.46583850931677,355.70186335403724
92,565.2422360248447,479.27950310559004,443.0496894409938,265.96894409937886,313.00621118012424,234.96273291925465,331.48447204968943,176.88198757763976,352.832298136646
93,603.2345679012345,462.74691358024694,424.7901234567901,268.7716049382716,316.71604938271605,234.21604938271605,332.320987654321,175.1172839506173,332.41975308641975
94,677.8198757763976,463.360248447205,419.0745341614907,271.50931677018633,322.39130434782606,238.49068322981367,338.5900621118012,174.06832298136646,311.6770186335404
95,626.360248447205,450.29813664596276,409.67080745341616,272.9192546583851,324.6149068322981,244.6024844720497,332.055900621118,168.85093167701862,298.1055900621118
96,579.1234567901234,439.5061728395062,408.0925925925926,271.9753086419753,325.14814814814815,247.43827160493828,328.48148148148147,166.92592592592592,286.9320987654321
97,614.1366459627329,437.93167701863354,440.48447204968943,275.85093167701865,329.2111801242236,248.3975155279503,351.6521739130435,163.54037267080744,304.111801242236
98,643.7391304347826,443.40372670807454,467.2670807453416,276.5031055900621,335.1552795031056,245.62111801242236,354.3850931677019,159.80745341614906,296.96894409937886
99,600.1851851851852,437.4074074074074,454.4691358024691,268.6666666666667,342.62345679012344,239.5185185185185,344.9938271604938,150.40123456790124,308.5679012345679
100,540.4074074074074,440.55555555555554,423.4753086419753,269.0308641975309,346.08641975308643,236.04320987654322,338.01234567901236,146.20987654320987,301.15432098765433
101,507.9627329192547,443.62111801242236,420.49068322981367,270.4968944099379,344.9254658385093,235.5776397515528,325.22360248447205,145.4223602484472,286.6521739130435
102,485.6894409937888,440.6024844720497,442.35403726708074,270.8074534161491,333.9378881987578,233.06211180124222,323.0993788819876,145.40993788819875,262.5900621118012
103,479.9130434782609,435.95652173913044,470.01863354037266,271.69565217391306,312.88198757763973,231.26708074534162,334.60869565217394,144.14285714285714,254.42857142857142
104,490.61875,442.59375,480.8625,274.4125,287.7125,232.01875,344.86875,143.90625,260.925
105,514.7375,456.68125,475.3,275.51875,270.04375,226.475,347.7125,143.8625,251.7375
106,614.94375,472.59375,447.10625,273.31875,268.69375,218.66875,353.4125,145.25625,240.9625
107,685.7735849056604,466.37735849056605,441.32704402515725,271.52830188679246,269.9182389937107,215.29559748427673,349.34591194968556,145.45283018867926,241.9937106918239
108,655.6729559748428,451.74213836477986,434.4025157232704,266.32704402515725,271.0125786163522,217.21383647798743,337.29559748427675,144.1320754716981,250.0691823899371
109,594.8867924528302,452.60377358490564,417.69182389937106,262.7169811320755,272.61006289308176,223.65408805031447,339.3522012578616,142.0251572327044,250.14465408805032
110,583.2515723270441,454.1698113207547,423.45911949685535,263.9433962264151,269.0943396226415,226.88050314465409,341.8050314465409,143.14465408805032,238.77358490566039
111,614.4556962025316,453.45569620253167,453.7278481012658,264.8987341772152,259.32278481012656,222.40506329113924,344.4177215189873,144.00632911392404,239.1139240506329
112,564.2151898734177,458.126582278481,486.2974683544304,262.5822784810127,250.0632911392405,220.84810126582278,349.99367088607596,141.9620253164557,248.36708860759492
113,555.0509554140127,451.3503184713376,474.37579617834393,265.52866242038215,244.61146496815286,221.7515923566879,346.5031847133758,141.78980891719746,239.343949044586
114,543.452229299363,443.1592356687898,454.9171974522293,266.0127388535032,242.6687898089172,219.45859872611464,338.81528662420385,142.9936305732484,239.94267515923568
115,520.3782051282051,441.19871794871796,433.8333333333333,268.54487179487177,241.14102564102564,218.1602564102564,340.3205128205128,144.72435897435898,224.72435897435898
116,512.5512820512821,448.3974358974359,401.6602564102564,262.37179487179486,236.92948717948718,223.25,341.77564102564105,143.92948717948718,227.40384615384616
117,526.2258064516129,451.2,405.0774193548387,261.9548387096774,239.91612903225806,231.8,343.10322580645163,143.8774193548387,237.67096774193547
118,516.4709677419355,458.01935483870966,412.85806451612905,263.31612903225806,241.15483870967742,227.7483870967742,343.06451612903226,141.75483870967741,234.23225806451612
119,529.2987012987013,460.4415584415584,435.97402597402595,266.97402597402595,235.46753246753246,226.83766233766235,347.7142857142857,140.8896103896104,230.13636363636363
120,568.7207792207793,449.7077922077922,466.03246753246754,267.37012987012986,237.37012987012986,227.64935064935065,355.9025974025974,143.28571428571428,228.67532467532467
121,564.2012987012987,433.9805194805195,484.012987012987,266.1818181818182,236.66883116883116,220.22727272727272,362.8246753246753,145.51298701298703,228.46753246753246
122,546.3660130718954,421.1830065359477,480.1307189542484,264.1111111111111,238.05882352941177,228.98692810457516,363.4901960784314,143.98692810457516,229.28758169934642
123,536.7763157894736,446.1513157894737,475.75657894736844,262.5131578947368,237.7171052631579,232.43421052631578,365.6118421052632,142.93421052631578,234.67105263157896
124,567.4370860927153,457.3973509933775,469.26490066225165,262.04635761589407,239.52980132450332,232.1456953642384,369.55629139072846,142.72847682119206,231.6291390728477
125,554.3,471.9066666666667,455.6666666666667,260.62,240.30666666666667,233.88,365.02,141.36,238.36
126,583.6241610738255,481.9865771812081,453.744966442953,260.66442953020135,238.23489932885906,238.40268456375838,361.3959731543624,141.23489932885906,242.8724832214765
127,632.5945945945946,480.7905405405405,491.39864864864865,261.68243243243245,239.02027027027026,243.0,363.3716216216216,141.74324324324326,238.86486486486487
128,619.2328767123288,480.7054794520548,535.1712328767123,263.47945205479454,247.27397260273972,247.06849315068493,364.4109589041096,142.34246575342465,231.56164383561645
129,634.2222222222222,482.6388888888889,550.2083333333334,263.3958333333333,253.47222222222223,248.04861111111111,369.34027777777777,142.48611111111111,232.86111111111111
130,666.6433566433567,486.16783216783216,521.1538461538462,258.5174825174825,255.47552447552448,246.04195804195805,373.5244755244755,142.4965034965035,232.65034965034965
131,739.177304964539,494.6170212765957,542.3191489361702,263.26241134751774,258.02127659574467,243.41843971631207,378.531914893617,141.2127659574468,233.63120567375887
132,820.2198581560284,509.3333333333333,572.645390070922,264.3049645390071,259.02127659574467,242.87943262411346,395.7588652482269,140.74468085106383,241.21985815602838
133,850.2285714285714,528.8928571428571,578.8857142857142,259.25714285714287,262.7857142857143,243.43571428571428,407.79285714285714,142.95714285714286,245.25714285714287
134,806.8705035971223,538.7482014388489,566.0359712230215,271.36690647482015,266.31654676258995,248.431654676259,408.2230215827338,146.55395683453239,236.71223021582733
135,716.6159420289855,524.7826086956521,568.8550724637681,270.05797101449275,269.5217391304348,257.6521739130435,413.6231884057971,146.56521739130434,230.7826086956522
136,664.2867647058823,533.4044117647059,579.8676470588235,270.3382352941176,275.75735294117646,265.69117647058823,427.5882352941176,144.46323529411765,234.14705882352942
137,668.3014705882352,556.6911764705883,601.6176470588235,271.7352941176471,277.1470588235294,268.79411764705884,433.6764705882353,143.35294117647058,235.5735294117647
138,716.237037037037,577.7777777777778,593.6074074074074,275.35555555555555,280.64444444444445,270.2074074074074,452.27407407407406,145.05185185185186,238.07407407407408
139,751.0298507462686,574.820895522388,579.7537313432836,273.04477611940297,286.57462686567163,269.8059701492537,480.4179104477612,145.92537313432837,228.7089552238806
140,750.6940298507462,587.4701492537314,584.6343283582089,266.6641791044776,292.410447761194,269.55223880597015,497.23880597014926,147.73880597014926,229.0820895522388
141,753.7593984962406,629.5413533834586,598.4285714285714,271.7142857142857,300.5864661654135,269.89473684210526,512.5037593984962,147.69924812030075,233.68421052631578
142,812.0076335877862,658.0610687022901,602.5572519083969,268.96946564885496,311.4580152671756,273.0763358778626,528.2061068702291,145.85496183206106,229.05343511450383
143,826.0610687022901,698.7328244274809,571.4503816793894,269.29007633587787,322.6106870229008,278.3893129770992,536.5190839694657,149.57251908396947,236.58778625954199
144,830.6615384615385,734.9384615384615,573.2384615384616,275.83076923076925,333.60769230769233,283.74615384615385,517.723076923077,146.69230769230768,237.56153846153848
145,894.6769230769231,725.0153846153846,564.7076923076924,275.18461538461537,341.12307692307695,283.96923076923076,523.2615384615384,143.45384615384614,233.40769230769232
146,921.4,673.3615384615384,608.3692307692307,283.12307692307695,345.87692307692305,283.6307692307692,533.2615384615384,141.0,228.33846153846153
147,898.9230769230769,674.5923076923077,617.7076923076924,278.55384615384617,346.8076923076923,288.0615384615385,509.89230769230767,139.58461538461538,228.30769230769232
148,838.223076923077,676.123076923077,640.2076923076924,274.17692307692306,352.9846153846154,292.8,486.6307692307692,139.12307692307692,229.07692307692307
149,905.8091603053435,649.4809160305343,659.0687022900763,272.82442748091603,364.9083969465649,289.80916030534354,494.5496183206107,139.54198473282443,234.74809160305344
150,946.6106870229007,668.3129770992366,662.0381679389313,275.48854961832063,375.31297709923666,286.1374045801527,499.32824427480915,139.38931297709922,237.08396946564886
151,882.310606060606,651.780303030303,656.4621212121212,277.27272727272725,380.9015151515151,286.8181818181818,520.5378787878788,140.27272727272728,227.18939393939394
152,768.6515151515151,605.0909090909091,646.6666666666666,275.17424242424244,385.3712121212121,290.9848484848485,544.7272727272727,141.3030303030303,224.0681818181818
153,709.7651515151515,585.530303030303,648.9090909090909,273.72727272727275,391.030303030303,294.530303030303,560.560606060606,142.06060606060606,230.3030303030303
154,693.5373134328358,583.9850746268656,645.3582089552239,276.32089552238807,404.55223880597015,295.3955223880597,575.7835820895523,142.76119402985074,227.86567164179104
155,717.0518518518519,609.6888888888889,630.8148148148148,277.64444444444445,419.5925925925926,297.7111111111111,591.6296296296297,143.5851851851852,220.63703703703703
156,792.4,636.2592592592592,655.3851851851852,272.4148148148148,427.85185185185185,311.2518518518518,609.6444444444444,146.0814814814815,235.2074074074074
157,831.2279411764706,620.1470588235294,691.9117647058823,271.1617647058824,433.06617647058823,319.15441176470586,614.2794117647059,146.99264705882354,230.3014705882353
158,720.1470588235294,637.0661764705883,686.0,278.9117647058824,433.55882352941177,312.7352941176471,608.0882352941177,143.52205882352942,220.11029411764707
159,620.7037037037037,692.4,655.2148148148148,285.72592592592594,446.6296296296296,299.51851851851853,601.3481481481482,143.6888888888889,220.85185185185185
160,636.5514705882352,715.5514705882352,658.1029411764706,282.0147058823529,460.40441176470586,291.8382352941176,604.0073529411765,142.375,216.47794117647058
161,655.7058823529412,717.1397058823529,688.5147058823529,276.9264705882353,470.09558823529414,291.5514705882353,615.0882352941177,143.43382352941177,213.71323529411765
162,658.0294117647059,676.4705882352941,725.6691176470588,269.84558823529414,482.06617647058823,311.88235294117646,621.6911764705883,142.7941176470588,220.30882352941177
163,701.3357664233577,613.1678832116788,743.8321167883212,269.1970802919708,502.1094890510949,326.84671532846716,638.043795620438,144.64233576642334,231.56934306569343
164,772.7153284671533,610.4671532846716,741.4306569343066,259.18978102189783,519.2773722627737,335.6350364963504,648.2408759124088,143.47445255474452,233.1167883211679
165,794.3188405797101,629.3478260869565,727.0942028985507,261.7608695652174,512.731884057971,331.9347826086956,669.5072463768116,138.85507246376812,237.97826086956522
166,799.136690647482,677.5611510791367,723.0215827338129,267.0143884892086,522.9712230215828,331.8273381294964,714.6187050359712,139.5107913669065,248.81294964028777
167,831.9280575539568,702.6474820143885,730.956834532374,262.59712230215825,545.1510791366907,327.51798561151077,750.7338129496403,142.0071942446043,245.32374100719426
168,828.0071942446043,655.6043165467626,772.0215827338129,266.0,533.884892086331,318.43884892086334,794.5251798561151,142.0503597122302,232.25179856115108
169,829.6690647482014,597.3381294964029,817.3812949640288,269.51079136690646,529.9856115107914,319.568345323741,847.3525179856115,141.06474820143885,231.50359712230215
170,763.6115107913669,572.6258992805756,857.4604316546763,278.6906474820144,520.4244604316547,308.35971223021585,873.4244604316547,140.67625899280574,240.6474820143885
171,684.7785714285715,596.95,814.3642857142858,278.3142857142857,509.75714285714287,300.85,892.9071428571428,141.85,232.77142857142857
172,562.2214285714285,694.0214285714286,771.75,268.75,518.3214285714286,307.3,923.7857142857143,142.82142857142858,238.07857142857142
173,523.2198581560284,734.9007092198582,796.1418439716313,268.72340425531917,520.1560283687943,312.7588652482269,947.7517730496454,141.36879432624113,243.1418439716312
174,533.3829787234042,751.4255319148937,823.5177304964539,267.56028368794324,515.3900709219859,305.4113475177305,979.1843971631206,141.36879432624113,245.00709219858157
175,576.7163120567376,773.7234042553191,823.6595744680851,269.13475177304963,504.50354609929076,296.72340425531917,1039.7801418439717,142.92198581560282,244.33333333333334
176,627.8098591549295,805.8169014084507,790.2746478873239,269.30281690140845,500.16901408450707,293.23943661971833,1071.9788732394366,144.03521126760563,265.23943661971833
177,652.0972222222222,910.3402777777778,772.8611111111111,263.4861111111111,479.1875,287.2291666666667,1063.048611111111,144.71527777777777,243.13888888888889
178,700.9236111111111,1023.0625,732.4097222222222,267.6458333333333,466.9166666666667,283.7986111111111,1075.7847222222222,145.16666666666666,234.47916666666666
179,744.3263888888889,1031.548611111111,694.9305555555555,274.7916666666667,458.7013888888889,276.93055555555554,1111.6319444444443,145.63194444444446,238.50694444444446
180,716.7945205479452,950.4931506849315,685.3972602739726,276.6232876712329,448.0753424657534,279.64383561643837,1139.0205479452054,145.45890410958904,231.7945205479452
181,646.1917808219179,847.1438356164383,710.6575342465753,277.1027397260274,436.47945205479454,286.25342465753425,1176.5890410958905,144.3972602739726,228.54109589041096
182,574.6438356164383,763.2123287671233,713.2123287671233,280.6917808219178,436.9246575342466,286.7671232876712,1233.6849315068494,144.3013698630137,226.17123287671234
183,550.204081632653,783.3537414965987,685.7482993197278,280.265306122449,437.3333333333333,279.4149659863946,1245.6666666666667,145.78231292517006,223.10204081632654
184,595.6666666666666,904.7006802721088,664.0408163265306,280.2040816326531,435.2925170068027,275.0,1230.938775510204,146.83673469387756,221.7074829931973
185,600.751677852349,1040.3355704697988,663.1208053691275,281.71812080536915,425.2281879194631,271.8322147651007,1247.5637583892617,145.96644295302013,224.23489932885906
186,639.08,1134.0133333333333,662.74,281.0466666666667,411.5,264.14,1290.4333333333334,145.24666666666667,223.48
187,666.1920529801324,1140.2384105960266,658.5761589403974,276.5629139072848,404.6225165562914,262.0132450331126,1358.1655629139073,145.64238410596028,220.72185430463577
188,697.0657894736842,1052.4013157894738,653.3684210526316,274.2828947368421,397.17763157894734,264.2368421052632,1383.1644736842106,145.60526315789474,221.96052631578948
189,729.2549019607843,955.0196078431372,638.40522875817,273.6928104575163,378.921568627451,259.80392156862746,1377.3986928104575,148.7843137254902,223.5359477124183
190,659.3246753246754,924.0454545454545,641.9545454545455,276.23376623376623,364.961038961039,253.3961038961039,1362.0584415584415,147.2012987012987,220.0064935064935
191,626.3806451612903,919.9935483870968,646.1806451612903,279.78709677419357,360.90967741935486,250.13548387096773,1345.316129032258,144.86451612903227,217.47096774193548
192,641.1548387096774,936.9870967741936,646.083870967742,279.7741935483871,360.56774193548387,247.67741935483872,1320.032258064516,145.23870967741937,224.18709677419355
193,629.4580645161291,975.8967741935484,636.083870967742,275.14193548387095,361.7096774193548,247.61290322580646,1353.941935483871,143.36774193548388,224.2258064516129
194,603.1666666666666,966.4102564102565,626.0,268.52564102564105,368.54487179487177,244.76923076923077,1348.9679487179487,146.44230769230768,220.49358974358975
195,619.8525641025641,939.3525641025641,609.5576923076923,267.5705128205128,369.63461538461536,240.92948717948718,1356.0961538461538,146.46153846153845,219.42948717948718
196,629.3205128205128,926.1410256410256,612.2948717948718,267.05128205128204,354.2307692307692,245.89102564102564,1378.0128205128206,145.07051282051282,224.8846153846154
197,630.025641025641,954.2435897435897,640.8141025641025,264.9102564102564,340.35897435897436,254.35897435897436,1406.724358974359,145.42307692307693,218.18589743589743
198,653.6730769230769,983.1025641025641,668.3846153846154,262.53205128205127,337.2435897435897,257.3205128205128,1433.8974358974358,145.46153846153845,221.60256410256412
199,608.246835443038,1018.9873417721519,665.9746835443038,264.873417721519,335.373417721519,254.69620253164558,1440.1012658227849,148.18987341772151,216.1772151898734
200,582.8291139240506,1030.2088607594937,647.5506329113924,270.3481012658228,337.1455696202532,248.78481012658227,1450.6012658227849,149.33544303797467,215.48101265822785
201,658.3037974683544,1022.7215189873418,613.253164556962,271.74050632911394,342.2974683544304,249.21518987341773,1449.5949367088608,148.49367088607596,218.94303797468353
202,661.2138364779875,1034.0566037735848,596.2955974842768,263.9685534591195,343.8553459119497,253.53459119496856,1430.5974842767296,148.22012578616352,211.51572327044025
203,656.4716981132076,1041.874213836478,639.6603773584906,266.6477987421384,344.937106918239,249.60377358490567,1448.125786163522,147.41509433962264,211.35220125786162
204,648.75,1025.1,634.09375,277.48125,349.26875,247.48125,1450.19375,145.83125,217.7125
205,661.0248447204968,1010.3416149068323,625.2546583850932,262.167701863354,355.75155279503105,251.96273291925465,1434.27950310559,144.12422360248448,222.8944099378882
206,681.4171779141104,969.2024539877301,624.7852760736197,263.8588957055215,351.11042944785277,253.90184049079755,1416.0184049079755,141.6073619631902,220.6073619631902
207,694.8780487804878,942.4329268292682,623.579268292683,263.969512195122,344.3780487804878,257.75,1449.7012195121952,143.2987804878049,215.89634146341464
208,684.3333333333334,993.2363636363636,621.8060606060606,266.6424242424242,341.7030303030303,254.5090909090909,1501.569696969697,144.27272727272728,214.3090909090909
209,658.3855421686746,966.4096385542168,617.5481927710844,267.3855421686747,342.83734939759034,250.20481927710844,1503.7831325301204,145.39156626506025,211.1024096385542
210,609.0783132530121,879.8674698795181,623.6987951807229,267.0903614457831,339.5240963855422,251.60843373493975,1477.7168674698796,145.99397590361446,215.8734939759036
211,545.3413173652694,836.8203592814372,604.2634730538922,263.125748502994,336.4071856287425,257.377245508982,1442.5808383233532,144.32335329341316,221.23353293413174
212,533.6845238095239,821.1428571428571,584.0178571428571,262.3095238095238,340.6547619047619,259.3392857142857,1458.3392857142858,145.44642857142858,224.48214285714286
213,546.077380952381,885.625,605.5119047619048,266.17261904761904,351.25,265.2916666666667,1516.6904761904761,146.5297619047619,213.16666666666666
214,570.1488095238095,935.5238095238095,631.3452380952381,266.39285714285717,353.01190476190476,271.5416666666667,1557.5833333333333,144.98809523809524,208.14285714285714
215,596.3235294117648,904.064705882353,639.5588235294117,260.8705882352941,349.70588235294116,263.8176470588235,1539.2529411764706,142.21176470588236,210.0235294117647
216,647.8823529411765,937.0176470588235,649.0,255.38823529411764,350.1823529411765,266.6941176470588,1554.8117647058823,143.03529411764706,211.74117647058824
217,682.9473684210526,1014.8245614035088,631.6783625730994,256.2105263157895,357.72514619883043,262.7426900584795,1590.5497076023391,143.97076023391813,205.8421052631579
218,680.6046511627907,1044.8372093023256,595.3023255813954,260.4244186046512,371.09302325581393,254.23837209302326,1632.1162790697674,143.01162790697674,207.02325581395348
219,646.5581395348837,1037.4941860465117,600.1395348837209,264.05232558139534,384.20348837209303,251.2093023255814,1666.0872093023256,142.1627906976744,207.80232558139534
220,598.0292397660819,986.3216374269006,628.4970760233919,267.0643274853801,390.12865497076024,251.6315789473684,1689.4912280701753,142.0,206.82456140350877
221,534.7790697674419,889.9883720930233,635.2151162790698,265.95348837209303,386.1220930232558,252.3139534883721,1675.5581395348838,140.5581395348837,205.8139534883721
222,523.546511627907,874.0,630.3895348837209,264.90697674418607,393.83720930232556,252.12790697674419,1661.5988372093022,142.1453488372093,207.02325581395348
223,530.6162790697674,929.25,619.3662790697674,261.68023255813955,409.1162790697674,264.4767441860465,1650.5697674418604,143.95348837209303,209.0639534883721
224,550.1271676300578,952.8265895953757,593.0924855491329,258.3699421965318,412.4161849710983,267.7976878612717,1672.35838150289,143.64161849710982,208.35838150289018
225,629.6820809248555,956.9364161849711,562.9595375722544,257.28901734104045,413.70520231213874,267.9364161849711,1733.1734104046243,143.13294797687863,206.49132947976878
226,689.3275862068965,1003.6436781609195,557.8448275862069,260.44827586206895,415.67816091954023,276.7701149425287,1769.3850574712644,142.867816091954,209.8793103448276
227,696.8505747126437,1034.7011494252874,574.8103448275862,261.61494252873564,421.41954022988506,285.6896551724138,1730.8735632183907,143.44252873563218,213.5287356321839
228,661.6477272727273,1006.625,589.0909090909091,257.0625,423.85227272727275,285.8863636363636,1653.0795454545455,144.26136363636363,213.1534090909091
229,628.5284090909091,999.2272727272727,601.9034090909091,255.4431818181818,421.66477272727275,284.625,1633.1931818181818,145.47727272727272,212.53977272727272
230,603.0338983050848,1005.6271186440678,590.3107344632768,253.66101694915255,420.50847457627117,284.7570621468927,1625.3785310734463,145.10734463276836,210.29943502824858
231,593.8305084745763,987.7514124293785,559.8474576271186,256.0282485875706,422.11299435028246,280.03954802259886,1612.045197740113,143.72881355932202,208.64406779661016
232,624.2921348314607,1074.7191011235955,579.4719101123595,261.65168539325845,423.2134831460674,268.8370786516854,1594.9550561797753,144.12921348314606,211.2921348314607
233,660.7430167597765,1212.3128491620112,645.0782122905028,259.27932960893855,419.67597765363126,260.4245810055866,1608.2513966480446,143.91061452513966,213.20670391061452
234,654.7486033519554,1183.9888268156424,673.5977653631285,260.07262569832403,414.2067039106145,267.6368715083799,1586.9832402234638,144.64245810055866,206.82122905027933
235,616.3722222222223,1064.5111111111112,646.9,269.21666666666664,415.9611111111111,281.22777777777776,1591.9444444444443,143.26111111111112,205.65555555555557
236,600.8,1032.9388888888889,615.0777777777778,270.2611111111111,428.3777777777778,283.4277777777778,1639.6666666666667,145.34444444444443,209.26111111111112
237,576.6795580110497,983.3425414364641,637.5580110497237,266.44198895027625,438.9060773480663,278.98342541436466,1668.513812154696,147.6243093922652,211.31491712707182
238,552.5,968.978021978022,637.1483516483516,262.2857142857143,445.6373626373626,284.1868131868132,1715.357142857143,144.21428571428572,209.4835164835165
239,542.1263736263736,973.6043956043956,628.7692307692307,259.3791208791209,453.03846153846155,293.8296703296703,1784.6703296703297,143.78021978021977,213.6098901098901
240,561.1153846153846,940.2252747252747,601.5164835164835,262.95604395604397,456.35164835164835,296.95604395604397,1809.4175824175825,145.87362637362637,222.21978021978023
241,609.7032967032967,922.1868131868132,609.945054945055,270.52197802197804,452.9230769230769,297.9230769230769,1738.6813186813188,150.48901098901098,221.3846153846154
242,648.8032786885246,951.7868852459017,642.3497267759562,268.3551912568306,449.21311475409834,302.69398907103823,1705.3989071038252,151.82513661202185,211.33333333333334
243,686.7704918032787,1051.9726775956285,661.2131147540983,278.2896174863388,455.57377049180326,310.0382513661202,1702.1092896174864,151.30054644808743,207.50819672131146
244,651.2677595628415,1194.8907103825136,693.7650273224044,300.85792349726773,469.20765027322403,312.78688524590166,1706.8743169398906,153.97267759562843,208.24043715846994
245,575.9453551912568,1150.967213114754,738.0983606557377,301.8415300546448,485.0109289617486,307.8087431693989,1720.6174863387978,155.36612021857923,210.0601092896175
246,558.0597826086956,1041.6195652173913,757.1086956521739,283.57065217391306,500.60869565217394,301.82608695652175,1767.8260869565217,151.2663043478261,214.94021739130434
247,591.0054347826087,1052.766304347826,756.8260869565217,272.82065217391306,519.9782608695652,300.51630434782606,1832.6304347826087,152.1304347826087,210.16847826086956
248,647.9619565217391,1110.3478260869565,734.8804347826087,276.55434782608694,544.5163043478261,304.0652173913044,1849.3695652173913,157.05434782608697,213.6195652173913
249,679.6502732240438,1119.1256830601094,743.0,290.41530054644807,560.5573770491803,312.5245901639344,1857.1857923497269,156.66120218579235,225.59016393442624
250,698.5434782608696,1174.1032608695652,761.3641304347826,286.8369565217391,562.2934782608696,314.7880434782609,1844.6847826086957,155.5108695652174,227.06521739130434
251,715.2010869565217,1253.2554347826087,768.8913043478261,273.7119565217391,567.375,308.29891304347825,1831.5108695652175,158.30978260869566,217.7554347826087
252,739.0326086956521,1221.0054347826087,806.3695652173913,269.82065217391306,575.6630434782609,311.3804347826087,1816.695652173913,160.03804347826087,215.16304347826087
253,705.5163043478261,1082.5108695652175,853.0380434782609,270.0652173913044,580.2065217391304,324.0597826086956,1836.8804347826087,156.0163043478261,220.34782608695653
254,677.2880434782609,1016.4565217391304,841.5597826086956,277.3967391304348,597.2989130434783,334.5652173913044,1898.7119565217392,155.66304347826087,215.7391304347826
255,722.195652173913,1053.7065217391305,801.4402173913044,285.89130434782606,622.5597826086956,329.2554347826087,1935.7282608695652,156.6576086956522,210.7391304347826
256,773.8097826086956,1151.9402173913043,791.5815217391304,286.3152173913044,632.4619565217391,323.7228260869565,1932.445652173913,161.0326086956522,211.17934782608697
257,834.2228260869565,1201.0217391304348,793.4728260869565,288.17934782608694,637.0923913043479,336.51630434782606,1893.4945652173913,159.70652173913044,216.54891304347825
258,918.9619565217391,1112.9945652173913,790.5326086956521,295.82608695652175,645.0815217391304,354.83152173913044,1842.8478260869565,159.52717391304347,221.7826086956522
259,947.4,1062.027027027027,806.6432432432432,301.7891891891892,659.4054054054054,360.85945945945946,1797.2,163.5027027027027,219.59459459459458
260,969.6881720430108,1108.4623655913979,816.7204301075269,312.26881720430106,677.3279569892474,359.64516129032256,1780.1451612903227,168.56989247311827,219.09139784946237
261,980.7258064516129,1129.5967741935483,804.9139784946236,329.9301075268817,688.3118279569892,351.90860215053766,1782.6129032258063,174.49462365591398,221.31182795698925
262,903.3924731182796,1169.3279569892472,837.1290322580645,354.7956989247312,684.7043010752689,352.66129032258067,1816.4354838709678,179.19892473118279,219.59677419354838
263,838.4545454545455,1189.951871657754,890.5508021390374,358.93048128342247,677.336898395722,372.81283422459893,1884.8770053475937,184.64171122994654,224.7433155080214
264,793.3404255319149,1195.787234042553,909.031914893617,352.3670212765957,644.2127659574468,370.2340425531915,1872.5851063829787,189.2659574468085,226.36702127659575
265,840.7354497354497,1110.5026455026455,916.3650793650794,378.56613756613757,623.2433862433862,377.57142857142856,1832.2751322751324,201.47619047619048,227.1058201058201
266,894.1210526315789,1033.5263157894738,960.078947368421,409.39473684210526,589.0157894736842,392.62631578947367,1855.4368421052632,212.43684210526317,233.7736842105263
267,951.1105263157895,1061.178947368421,935.4421052631579,393.9315789473684,567.0368421052632,423.13684210526316,1873.9842105263158,212.74736842105264,236.26315789473685
268,954.0523560209424,1080.2513089005236,888.4973821989529,375.1937172774869,567.4293193717277,431.1151832460733,1869.0261780104713,215.0104712041885,236.77486910994764
269,906.5104166666666,1109.203125,891.4010416666666,396.390625,562.25,437.6145833333333,1883.015625,219.90625,232.77083333333334
270,884.4166666666666,1158.1770833333333,948.140625,428.4791666666667,552.6666666666666,428.1510416666667,1910.53125,226.00520833333334,235.38020833333334
271,869.4432989690722,1120.4536082474226,1016.0721649484536,465.30927835051546,542.0360824742268,419.10309278350513,1917.3969072164948,236.0463917525773,236.97938144329896
272,916.8358974358974,1064.2615384615385,1031.553846153846,508.8871794871795,521.9846153846154,414.7692307692308,1927.7282051282052,250.25641025641025,235.5025641025641
273,931.2410256410257,1052.8461538461538,1011.4102564102565,521.348717948718,510.54358974358973,425.94358974358977,1940.6358974358975,274.12820512820514,235.43076923076924
274,926.0918367346939,1064.2602040816328,996.4438775510204,537.1173469387755,505.10714285714283,434.484693877551,1964.1275510204082,305.8979591836735,246.16326530612244
275,927.5357142857143,1099.9591836734694,987.0816326530612,558.5357142857143,491.6020408163265,430.9642857142857,2033.9234693877552,331.6734693877551,244.84183673469389
276,889.0959595959596,1167.409090909091,976.2676767676768,551.6969696969697,478.73737373737373,415.449494949495,2089.313131313131,347.2878787878788,240.46969696969697
277,913.010101010101,1178.4292929292928,993.5151515151515,549.6313131313132,476.8333333333333,405.4848484848485,2115.247474747475,358.550505050505,241.12626262626262
278,916.3819095477387,1098.572864321608,1001.4623115577889,543.4472361809045,473.4422110552764,413.91959798994975,2118.180904522613,360.4170854271357,241.71356783919597
279,896.964824120603,1049.6582914572864,1011.6683417085427,533.0502512562814,460.8793969849246,426.5175879396985,2107.2010050251256,373.4824120603015,244.24120603015075
280,942.045,1104.15,1037.655,508.42,449.29,435.75,2079.655,399.95,243.5
281,974.6980198019802,1108.7079207920792,1063.7574257425742,536.8861386138614,447.8712871287129,436.6039603960396,2028.0247524752476,419.0247524752475,243.02970297029702
282,989.5073170731707,1048.980487804878,1072.7463414634146,583.4292682926829,455.74634146341464,438.5609756097561,1958.6780487804879,433.10243902439026,241.5121951219512
283,941.5825242718447,1029.0436893203882,1076.1650485436894,621.2766990291262,467.7330097087379,442.2378640776699,1916.2864077669904,460.5145631067961,241.89320388349515
284,883.2788461538462,1062.4903846153845,1070.1778846153845,646.7403846153846,477.6682692307692,447.28846153846155,1899.514423076923,496.4807692307692,244.83653846153845
285,904.5406698564593,1125.4976076555024,1066.7655502392345,649.9712918660288,475.7751196172249,456.9138755980861,1919.5263157894738,513.1722488038278,243.76076555023923
286,933.6142857142858,1137.1619047619047,1077.2190476190476,659.1380952380953,479.35714285714283,467.96190476190475,1914.2238095238095,520.4380952380952,245.26190476190476
287,1019.2735849056604,1006.7122641509434,1115.0,672.5849056603773,480.6839622641509,470.79716981132077,1879.2311320754718,538.9575471698113,250.66037735849056
288,1138.9766355140187,912.6401869158879,1153.5841121495328,669.5140186915888,482.52803738317755,471.7102803738318,1889.8084112149534,556.4532710280374,257.0700934579439
289,1149.7813953488371,941.2139534883721,1190.339534883721,661.446511627907,488.24651162790695,475.7348837209302,1885.4511627906977,579.3581395348838,271.83720930232556
290,1147.388888888889,967.1574074074074,1217.5740740740741,685.6666666666666,492.4212962962963,478.94444444444446,1807.7685185185185,605.1435185185185,269.60648148148147
291,1155.6912442396313,978.8755760368664,1258.5345622119817,708.2073732718894,505.4746543778802,494.84331797235023,1815.700460829493,638.3502304147465,265.10599078341016
292,1192.0645161290322,1047.889400921659,1246.6405529953918,722.8755760368664,512.1152073732719,508.2258064516129,1900.9815668202764,640.5760368663595,264.8341013824885
293,1240.9223744292237,1038.6301369863013,1184.8447488584475,748.3972602739726,525.634703196347,516.703196347032,1971.2328767123288,638.4840182648402,266.0365296803653
294,1181.593607305936,1020.566210045662,1163.1187214611873,732.6712328767123,533.1369863013699,512.662100456621,1947.5205479452054,641.8949771689498,266.5662100456621
295,1052.4818181818182,1050.1136363636363,1201.2363636363636,691.3454545454546,536.2636363636364,514.4545454545455,1860.0954545454545,665.0545454545454,266.6227272727273
296,957.4977375565611,1051.7285067873304,1209.235294117647,705.4072398190045,547.8325791855203,542.5927601809955,1823.8190045248869,693.7556561085972,272.20361990950227
297,951.8235294117648,1077.0904977375565,1223.366515837104,750.6787330316743,552.7692307692307,569.2443438914028,1824.4389140271494,708.8054298642534,282.7420814479638
298,950.7723214285714,1087.1339285714287,1270.2589285714287,767.5491071428571,567.1875,585.9732142857143,1826.8973214285713,725.6026785714286,292.72767857142856
299,992.5535714285714,1087.15625,1321.9285714285713,776.3258928571429,579.8571428571429,588.6875,1886.767857142857,747.1964285714286,297.53125
300,1010.2610619469026,1022.3362831858407,1329.58407079646,793.9070796460177,600.3495575221239,586.4734513274336,1910.2433628318583,765.8141592920354,302.2920353982301
301,1093.132743362832,1020.9469026548672,1364.783185840708,843.6548672566372,622.2477876106195,576.8672566371681,1901.4911504424779,816.0575221238938,310.4026548672566
302,1153.5353982300885,1054.358407079646,1369.646017699115,879.3274336283185,644.6769911504425,578.712389380531,1940.3628318584072,855.7477876106195,315.1858407079646
303,1119.548245614035,1030.6491228070176,1329.8947368421052,838.3333333333334,659.5701754385965,576.5964912280701,1948.267543859649,863.0219298245614,328.4122807017544
304,1096.4254385964912,1008.1228070175439,1303.890350877193,819.9649122807018,670.3333333333334,574.0,1908.798245614035,861.4429824561404,330.10087719298247
305,1142.8078602620087,1040.3842794759826,1296.4279475982532,829.1572052401747,677.6550218340611,585.0349344978166,1859.877729257642,858.882096069869,328.3930131004367
306,1212.2434782608696,1109.404347826087,1274.286956521739,829.3608695652174,679.3434782608696,597.5130434782609,1846.1391304347826,875.1695652173913,325.004347826087
307,1294.2217391304348,1096.1478260869565,1272.304347826087,810.6391304347826,675.8521739130434,599.408695652174,1836.9260869565217,895.8695652173913,335.2869565217391
308,1274.04329004329,1027.922077922078,1256.5627705627705,789.5757575757576,673.982683982684,596.021645021645,1845.8528138528138,933.6666666666666,346.09090909090907
309,1217.112554112554,964.030303030303,1228.1904761904761,763.4329004329004,673.2121212121212,601.1645021645022,1894.3116883116884,966.5584415584416,340.43722943722946
310,1179.5,953.2715517241379,1252.8405172413793,757.448275862069,677.4439655172414,622.301724137931,1900.2112068965516,993.4612068965517,344.5431034482759
311,1242.3776824034335,966.3776824034335,1326.793991416309,797.4377682403433,689.3090128755365,649.9399141630902,1873.5793991416308,1031.8111587982833,352.08583690987126
312,1276.7179487179487,1025.008547008547,1398.0,879.3333333333334,694.1709401709402,658.4529914529915,1850.7735042735044,1044.9615384615386,347.8076923076923
313,1277.156779661017,1057.5084745762713,1392.7966101694915,964.8093220338983,715.6949152542373,651.7542372881356,1859.4237288135594,1069.0042372881355,350.5
314,1140.9618644067796,1082.6949152542372,1322.3389830508474,1012.8220338983051,722.6313559322034,636.3093220338983,1881.9957627118645,1094.0550847457628,356.29661016949154
315,1071.2255319148935,1073.4127659574467,1286.868085106383,1042.1617021276595,700.4297872340426,619.1787234042553,1885.9191489361701,1102.9106382978723,366.5234042553191
316,1116.2881355932204,1013.8559322033898,1302.5677966101696,1041.6483050847457,684.3220338983051,598.7330508474577,1875.699152542373,1090.6101694915253,374.02966101694915
317,1196.843220338983,973.7966101694915,1330.707627118644,1005.4152542372881,685.1228813559322,600.1694915254237,1830.2288135593221,1064.9830508474577,380.0974576271187
318,1191.1404255319148,1003.1872340425532,1353.0553191489362,970.4127659574468,688.2085106382979,610.6978723404255,1768.4382978723404,1039.408510638298,380.46382978723403
319,1117.3489361702127,1012.0893617021277,1353.3787234042554,919.7021276595744,695.8468085106383,616.736170212766,1719.8808510638298,1042.1063829787233,381.9446808510638
320,1054.7222222222222,916.8461538461538,1385.0897435897436,880.6111111111111,698.8888888888889,619.025641025641,1693.905982905983,1087.3931623931624,377.97008547008545
321,977.6394849785407,845.549356223176,1421.74678111588,877.8669527896996,714.5665236051502,632.4592274678112,1720.5665236051502,1140.9442060085837,387.72103004291847
322,999.6965811965812,869.8162393162393,1422.068376068376,879.9615384615385,729.3162393162393,660.2307692307693,1790.576923076923,1189.179487179487,401.8162393162393
323,1078.008547008547,953.7521367521367,1392.8504273504273,893.2735042735043,736.3632478632478,665.6025641025641,1840.2393162393162,1253.405982905983,420.64957264957263
324,1201.7063829787235,1021.8936170212766,1331.0893617021277,907.0340425531915,727.0085106382978,657.5063829787234,1837.2851063829787,1296.5063829787234,433.51063829787233
325,1222.3333333333333,1012.5042735042736,1301.7692307692307,926.7222222222222,735.2222222222222,648.6282051282051,1822.008547008547,1300.7521367521367,431.7478632478632
326,1207.0127659574468,1001.9787234042553,1277.4425531914894,922.1063829787234,742.1276595744681,642.5021276595745,1791.0340425531915,1296.6808510638298,434.97872340425533
327,1206.4,1017.1021276595744,1257.872340425532,926.6,736.4,627.3234042553191,1750.2425531914894,1306.4170212765957,429.2340425531915
328,1229.008547008547,1032.8931623931624,1256.3931623931624,929.0,743.2820512820513,614.5555555555555,1718.1367521367522,1316.0555555555557,437.14957264957263
329,1192.3063829787234,1047.7574468085106,1267.6468085106383,924.2765957446809,756.0,614.068085106383,1680.3531914893617,1318.4,432.8127659574468
330,1084.9148936170213,1047.259574468085,1299.2893617021277,893.8212765957447,779.4510638297872,630.3659574468085,1666.5574468085106,1344.7744680851065,448.41702127659573
331,983.008547008547,1032.91452991453,1315.5982905982905,943.8803418803419,811.8290598290598,656.1452991452992,1646.1752136752136,1354.3119658119658,449.2606837606838
332,968.1276595744681,968.8,1261.1702127659576,1043.6297872340426,832.936170212766,668.2340425531914,1627.7617021276596,1367.4936170212766,474.3787234042553
333,1015.4273504273505,904.965811965812,1272.542735042735,1047.076923076923,834.0726495726495,655.5470085470085,1644.8760683760684,1402.1752136752136,484.3205128205128
334,1007.7264957264957,886.3931623931624,1309.854700854701,995.8632478632478,827.0982905982906,646.7521367521367,1663.8333333333333,1419.3803418803418,503.1068376068376
335,1019.542735042735,918.6495726495726,1353.9957264957266,961.3717948717949,827.9102564102565,652.6239316239316,1672.7222222222222,1453.3290598290598,517.9059829059829
336,983.3376068376068,955.1709401709402,1391.6752136752136,992.7991452991453,839.8119658119658,666.025641025641,1656.7820512820513,1471.3418803418804,521.2991452991453
337,890.5914893617021,921.8978723404256,1355.872340425532,1045.1829787234042,838.8127659574468,668.736170212766,1632.9489361702128,1472.9617021276595,532.195744680851
338,824.8675213675214,849.4401709401709,1318.9102564102564,1051.405982905983,816.025641025641,662.5555555555555,1623.525641025641,1540.7991452991453,544.1581196581196
339,862.5446808510638,814.3489361702127,1314.0382978723405,1041.8127659574468,798.1617021276596,658.7617021276595,1656.9829787234044,1600.536170212766,539.6595744680851
340,879.3617021276596,796.327659574468,1307.340425531915,997.5914893617021,797.0255319148936,668.8425531914894,1629.3574468085105,1626.7531914893616,550.5659574468085
341,869.3717948717949,817.6068376068376,1248.8846153846155,943.1923076923077,793.4529914529915,684.3632478632478,1585.8931623931624,1625.7905982905984,574.4059829059829
342,850.982905982906,837.9487179487179,1214.6837606837607,892.5042735042736,778.6153846153846,691.5555555555555,1584.1367521367522,1604.965811965812,577.8888888888889
343,805.491452991453,850.5726495726495,1199.820512820513,877.5683760683761,758.8205128205128,689.3589743589744,1615.6666666666667,1578.4529914529915,568.4017094017094
344,773.6995708154507,819.4463519313305,1191.3347639484978,908.3261802575107,744.7467811158798,689.8841201716738,1628.4549356223176,1570.008583690987,573.7854077253219
345,791.3519313304721,782.8412017167382,1191.1330472103004,937.9227467811158,738.9012875536481,693.519313304721,1660.3390557939915,1586.6866952789699,589.2145922746781
346,842.8369098712446,773.1845493562232,1166.6394849785408,931.1459227467811,738.5922746781116,701.4163090128756,1651.3133047210301,1599.0772532188842,578.3991416309013
347,861.4892703862661,800.2274678111588,1106.6351931330473,924.0,722.8669527896996,708.9356223175965,1626.5407725321888,1596.489270386266,568.9356223175965
348,814.4935622317597,847.1545064377682,1095.4034334763949,935.519313304721,685.4592274678112,709.274678111588,1584.3133047210301,1578.8154506437768,585.068669527897
349,784.0300429184549,818.3004291845493,1125.274678111588,939.1459227467811,654.824034334764,709.5236051502146,1553.8798283261804,1565.480686695279,594.3648068669528
350,772.8510638297872,775.7914893617021,1149.5446808510637,961.4085106382979,639.3914893617022,709.9276595744681,1504.5446808510637,1548.7659574468084,608.8978723404256
351,717.4017094017094,779.534188034188,1177.0726495726497,982.4871794871794,635.0982905982906,694.7905982905983,1464.1068376068376,1527.8803418803418,608.3247863247864
352,648.6239316239316,804.0940170940171,1166.9871794871794,1007.2649572649573,630.1068376068376,700.8717948717949,1439.2136752136753,1504.1837606837607,614.3034188034188
353,598.6452991452992,751.6367521367522,1146.2606837606838,1018.0555555555555,625.974358974359,728.6581196581196,1436.448717948718,1518.3418803418804,615.017094017094
354,613.7510729613734,722.2017167381974,1152.656652360515,984.7854077253219,619.4206008583691,740.5407725321888,1466.3261802575107,1573.6952789699571,611.7854077253219
355,661.6137339055794,710.6909871244635,1164.8283261802576,941.8927038626609,619.1502145922747,751.1201716738198,1438.9484978540772,1629.755364806867,625.1802575107296
356,658.7478632478633,731.6495726495726,1151.2008547008547,930.0128205128206,619.5470085470085,777.525641025641,1409.8803418803418,1683.3632478632478,633.9017094017094
357,665.0042735042736,717.0982905982906,1134.3119658119658,982.6623931623932,621.1068376068376,810.9059829059829,1399.051282051282,1692.1324786324785,631.2991452991453
358,659.8931623931624,715.8076923076923,1160.405982905983,1048.6923076923076,630.2435897435897,814.5128205128206,1425.568376068376,1697.6025641025642,629.3376068376068
359,649.457264957265,726.4059829059829,1160.7692307692307,1055.423076923077,629.3589743589744,800.3034188034188,1416.982905982906,1691.448717948718,647.1794871794872
360,631.2777777777778,716.6837606837607,1168.042735042735,1068.4871794871794,627.5897435897435,797.4059829059829,1421.179487179487,1669.017094017094,657.0811965811965
361,597.491452991453,748.3675213675214,1178.2820512820513,1096.9700854700855,631.1709401709402,812.2264957264957,1479.0641025641025,1667.1709401709402,652.4358974358975
362,612.2564102564103,823.9529914529915,1164.820512820513,1083.7179487179487,624.5128205128206,820.1923076923077,1519.094017094017,1681.8247863247864,654.8376068376068
363,640.7136752136752,892.6581196581196,1170.6410256410256,1057.440170940171,610.5683760683761,822.0854700854701,1495.3846153846155,1699.662393162393,666.6837606837607
364,659.6212765957447,911.0425531914893,1175.9446808510638,1075.4510638297872,599.3319148936171,845.2595744680851,1460.736170212766,1737.268085106383,695.268085106383
365,653.7787234042553,832.8808510638298,1164.0893617021277,1075.5191489361703,581.2382978723405,858.9531914893618,1434.1872340425532,1775.7787234042553,714.7063829787234
366,663.0808510638298,744.2553191489362,1118.5489361702128,1086.068085106383,573.2340425531914,833.3617021276596,1422.1744680851064,1798.4255319148936,693.8553191489361
367,614.4936170212766,704.9914893617022,1094.1702127659576,1124.9702127659575,577.9531914893618,814.9957446808511,1446.5574468085106,1803.4340425531916,686.7744680851064
368,588.4340425531915,738.7234042553191,1091.2340425531916,1112.4936170212766,581.1744680851064,840.4212765957446,1467.9872340425532,1796.1914893617022,674.1446808510639
369,611.0128205128206,744.1025641025641,1076.965811965812,1098.5,569.3119658119658,855.008547008547,1447.6837606837607,1766.6153846153845,689.7521367521367
370,592.2372881355932,707.5338983050848,1027.1610169491526,1105.7415254237287,563.0550847457627,875.457627118644,1421.165254237288,1726.5889830508474,700.6483050847457
371,618.7245762711865,703.7415254237288,1014.6101694915254,1084.584745762712,555.0042372881356,888.8898305084746,1403.1228813559321,1722.8050847457628,698.3220338983051
372,642.1398305084746,698.3262711864406,1017.2796610169491,1041.9957627118645,550.771186440678,896.6059322033898,1364.3177966101696,1753.4915254237287,702.1440677966102
373,627.7021276595744,703.9021276595745,1012.3659574468085,1016.4595744680851,541.3191489361702,915.3744680851064,1324.268085106383,1775.736170212766,693.4
374,631.7033898305085,718.7838983050848,988.1779661016949,1025.584745762712,531.7203389830509,924.4322033898305,1306.2033898305085,1788.9533898305085,693.0466101694915
375,622.2838983050848,722.1822033898305,980.3516949152543,1055.8305084745762,534.5550847457627,928.2330508474577,1311.4449152542372,1835.1398305084747,713.7838983050848
376,591.7796610169491,728.2245762711865,1007.8728813559322,1078.8135593220338,541.2796610169491,945.6864406779661,1307.9830508474577,1857.9237288135594,722.9110169491526
377,590.5787234042554,767.5446808510638,1033.3574468085105,1092.527659574468,541.3106382978723,973.1106382978724,1296.731914893617,1852.6893617021276,736.9446808510638
378,609.0042735042736,804.3717948717949,1032.6581196581196,1114.6239316239316,542.0470085470085,995.1709401709402,1269.5042735042734,1834.5042735042734,738.8461538461538
379,599.6255319148936,769.9191489361702,1037.7574468085106,1138.0893617021277,544.5106382978723,1004.663829787234,1234.459574468085,1771.6170212765958,717.6680851063829
380,575.7787234042553,721.7702127659575,1059.5021276595744,1142.2893617021277,544.0,998.1021276595744,1224.404255319149,1740.0765957446808,707.5489361702128
381,559.2789699570816,674.4420600858369,1074.8669527896996,1095.2188841201717,548.6309012875537,1010.618025751073,1241.991416309013,1786.6137339055795,719.3776824034335
382,551.4420600858369,661.1201716738198,1041.1845493562232,1035.0128755364806,550.8326180257511,1032.068669527897,1256.6523605150214,1862.0214592274679,728.9785407725321
383,560.2051282051282,648.9102564102565,978.1367521367522,1013.8461538461538,554.3290598290598,1058.948717948718,1242.662393162393,1929.508547008547,727.525641025641
384,584.3433476394849,680.1330472103004,984.7639484978541,1030.6781115879828,565.7510729613734,1095.9785407725321,1227.1587982832618,1986.7768240343348,730.725321888412
385,569.2327586206897,651.1379310344828,1022.8362068965517,1051.3103448275863,574.4698275862069,1119.1293103448277,1215.853448275862,1965.625,749.5387931034483
386,542.1939655172414,631.2155172413793,1008.2155172413793,1042.7413793103449,581.5129310344828,1133.3663793103449,1221.3189655172414,1963.9094827586207,759.0905172413793
387,556.0641025641025,633.7008547008547,966.9615384615385,1031.6709401709402,583.465811965812,1159.457264957265,1202.2136752136753,1990.982905982906,739.0940170940171
388,551.8717948717949,656.5213675213676,965.1880341880342,1070.9529914529915,581.5042735042736,1179.2307692307693,1228.6239316239316,2030.1880341880342,714.1025641025641
389,551.7210300429184,653.4077253218884,972.9399141630902,1118.1673819742489,570.3218884120172,1185.6781115879828,1238.3991416309013,2040.1888412017167,705.0429184549356
390,593.8803418803419,608.6025641025641,938.2863247863248,1164.7393162393162,558.1837606837607,1178.9871794871794,1183.4700854700855,1979.8247863247864,719.508547008547
391,621.6255319148936,562.195744680851,889.6510638297873,1196.995744680851,554.6808510638298,1176.472340425532,1142.3872340425532,1974.1489361702127,709.6468085106383
392,585.6170212765958,541.0170212765958,853.9617021276596,1179.740425531915,551.0765957446808,1183.1106382978724,1095.2382978723404,2024.2978723404256,697.4340425531915
393,551.4618644067797,553.021186440678,824.457627118644,1137.4364406779662,553.4491525423729,1197.7415254237287,1093.093220338983,1997.9322033898304,689.7542372881356
394,528.9873949579832,585.7521008403361,821.9957983193277,1106.1470588235295,555.1302521008404,1225.4621848739496,1090.810924369748,1943.4159663865546,683.1890756302521
395,510.98319327731093,606.2689075630252,853.8361344537815,1057.6008403361345,554.7857142857143,1262.281512605042,1066.0840336134454,1940.5882352941176,688.1848739495798
396,536.836820083682,611.7071129707113,892.1046025104603,981.163179916318,553.9205020920502,1298.8619246861924,1043.418410041841,1928.2928870292887,702.3723849372385
397,592.979079497908,617.3054393305439,912.0627615062762,978.2343096234309,552.0878661087866,1326.3933054393306,1009.4937238493724,1945.0794979079499,704.255230125523
398,596.5481171548117,587.1297071129707,910.3305439330544,975.9163179916318,548.1882845188285,1314.26359832636,1015.4142259414226,1945.2092050209205,698.3765690376569
399,592.2217573221757,592.6610878661088,923.1757322175732,967.0125523012553,542.3096234309623,1309.9079497907949,1019.6192468619247,1934.0585774058577,701.2426778242677
400,586.7866108786611,574.0753138075314,916.5481171548117,943.0041841004185,532.1673640167364,1299.3556485355648,995.9246861924686,1874.5983263598325,687.9748953974895
401,601.0125523012553,556.3096234309623,907.1046025104603,949.6108786610879,520.7364016736402,1281.1589958158995,996.9456066945606,1812.7112970711298,707.723849372385
402,612.4225941422594,543.7698744769874,906.8451882845188,984.6903765690377,508.7029288702929,1276.7824267782428,1002.0543933054394,1814.8493723849372,717.3389121338912
403,591.3277310924369,535.5672268907563,879.8529411764706,994.4957983193277,510.9453781512605,1285.920168067227,986.5,1819.6302521008404,727.4831932773109
404,584.0798319327731,544.7016806722689,845.5252100840336,989.6134453781513,516.2310924369748,1313.0042016806722,950.5798319327731,1816.5378151260504,736.0504201680673
405,609.9367088607595,548.535864978903,852.0464135021097,975.464135021097,511.51476793248946,1341.2489451476793,945.3713080168776,1794.8101265822784,736.5147679324895
406,626.8898305084746,549.2754237288135,847.6991525423729,955.0338983050848,500.6737288135593,1346.6906779661017,945.7584745762712,1807.8983050847457,695.3389830508474
407,634.5762711864406,570.2796610169491,853.8728813559322,959.6525423728814,495.46610169491527,1352.0974576271187,924.8516949152543,1825.7372881355932,662.9194915254237
408,607.4765957446808,600.6255319148936,881.0510638297873,968.1659574468085,513.2,1366.9829787234044,888.2127659574468,1836.5191489361703,660.0893617021277
409,594.9487179487179,599.4102564102565,880.1666666666666,948.3076923076923,516.1623931623932,1402.8846153846155,856.5128205128206,1831.568376068376,660.5641025641025
410,603.5879828326181,577.8412017167382,860.0042918454935,948.4334763948498,523.0386266094421,1393.8969957081545,859.3390557939914,1846.3261802575107,669.2789699570816
411,611.480686695279,551.0343347639486,837.6995708154507,969.4291845493563,515.3090128755365,1414.8326180257511,879.8712446351931,1862.2231759656652,671.8755364806867
412,657.9525862068965,544.5689655172414,818.6034482758621,993.3189655172414,491.3663793103448,1457.4956896551723,876.1810344827586,1880.7327586206898,672.3318965517242
413,656.2597402597403,551.7619047619048,821.8528138528138,976.9653679653679,497.4848484848485,1447.3982683982683,880.991341991342,1881.6017316017317,657.6406926406927
414,621.3652173913043,554.5956521739131,841.9695652173913,926.1565217391304,500.2608695652174,1438.5608695652174,890.1478260869566,1857.7043478260869,624.091304347826
415,623.0263157894736,549.6535087719299,867.1447368421053,924.3815789473684,509.7719298245614,1509.3859649122808,894.6929824561404,1880.811403508772,610.9561403508771
416,627.1315789473684,549.921052631579,868.4166666666666,985.1929824561404,505.4605263157895,1574.798245614035,895.938596491228,1926.092105263158,614.3640350877193
417,651.863436123348,542.0881057268723,869.3568281938326,1015.6299559471365,499.1101321585903,1561.9251101321586,881.0528634361234,1947.647577092511,616.6607929515418
418,713.568281938326,531.5242290748898,883.6828193832599,984.5374449339207,493.58590308370043,1561.5198237885463,866.5066079295154,1978.295154185022,620.6828193832599
419,722.2699115044247,520.5221238938053,885.4026548672566,962.6238938053098,486.99557522123894,1573.7477876106195,857.8495575221239,1973.9424778761063,610.6460176991151
420,659.8755555555556,496.3333333333333,860.1244444444444,934.8133333333334,477.26666666666665,1564.64,845.1911111111111,1929.591111111111,591.52
421,612.1205357142857,500.7455357142857,850.8705357142857,921.3571428571429,475.95089285714283,1584.138392857143,842.6964285714286,1921.0401785714287,574.6428571428571
422,606.0224215246636,519.6502242152467,847.3408071748879,906.8071748878924,476.0493273542601,1592.286995515695,828.8834080717489,1911.2511210762332,588.6322869955156
423,621.5044642857143,527.28125,849.2142857142857,869.0178571428571,468.25892857142856,1587.3526785714287,822.46875,1882.2901785714287,595.5491071428571
424,623.1160714285714,523.7053571428571,901.8169642857143,926.5133928571429,465.9330357142857,1602.3125,818.6473214285714,1873.4776785714287,598.4464285714286
425,614.1081081081081,527.1396396396397,908.509009009009,954.1891891891892,472.2072072072072,1615.7657657657658,804.7567567567568,1866.7837837837837,581.4549549549549
426,595.6216216216217,524.9639639639639,905.8918918918919,968.2117117117117,475.02702702702703,1595.418918918919,801.8423423423424,1846.8648648648648,563.4594594594595
427,622.6126126126126,533.1756756756756,909.5540540540541,942.0765765765766,468.5450450450451,1568.545045045045,808.927927927928,1843.599099099099,558.6216216216217
428,606.0681818181819,533.8272727272728,873.8045454545454,877.7772727272727,458.05,1540.3909090909092,818.1272727272727,1846.5545454545454,564.2136363636364
429,610.3227272727273,533.8045454545454,905.3636363636364,845.040909090909,455.7681818181818,1533.5636363636363,817.4363636363636,1843.5227272727273,573.5681818181819
430,666.3532110091743,533.7018348623853,943.8807339449542,817.1238532110092,458.3211009174312,1560.3302752293578,790.059633027523,1824.5045871559632,571.5321100917431
431,719.5023041474655,530.0230414746544,914.8387096774194,819.0691244239631,458.31797235023043,1603.004608294931,760.8064516129032,1791.9539170506912,564.9308755760369
432,718.9027777777778,524.2685185185185,901.375,824.3518518518518,457.3333333333333,1648.2314814814815,747.0462962962963,1758.3425925925926,562.1851851851852
433,708.7209302325581,523.9209302325581,946.7860465116279,828.4790697674418,461.25581395348837,1674.9860465116278,746.5767441860465,1747.6976744186047,563.7488372093023
434,693.7009345794393,536.7710280373832,948.5093457943925,810.5327102803739,465.0327102803738,1670.7009345794393,724.1869158878504,1724.3831775700935,561.7943925233645
435,733.873831775701,547.518691588785,921.1822429906542,824.2990654205607,467.14953271028037,1654.6028037383178,701.8785046728972,1732.9345794392523,555.9672897196261
436,755.7276995305165,541.3239436619718,877.3708920187794,868.2582159624413,468.81220657277,1634.849765258216,694.4460093896714,1741.3145539906104,567.206572769953
437,712.2654028436019,529.9620853080569,825.4691943127962,881.0758293838862,471.3270142180095,1638.7251184834124,701.1232227488151,1729.137440758294,573.8767772511849
438,693.7772511848341,529.4407582938388,821.6255924170616,884.8815165876778,486.29383886255926,1688.914691943128,711.4502369668246,1709.1658767772512,570.0236966824644
439,696.066037735849,535.6933962264151,839.5754716981132,863.2735849056604,503.7122641509434,1717.4292452830189,695.2311320754717,1639.9150943396226,570.0471698113207
440,700.9481132075472,541.8915094339623,863.5707547169811,807.0471698113207,511.7688679245283,1707.5471698113208,666.8349056603773,1560.2311320754718,578.3207547169811
441,733.7216981132076,541.2122641509434,873.3915094339623,736.1745283018868,504.9622641509434,1688.3396226415093,638.7122641509434,1523.183962264151,586.3584905660377
442,765.0943396226415,534.2735849056604,862.2311320754717,726.5188679245283,494.10849056603774,1698.6367924528302,642.4198113207547,1525.1792452830189,591.2688679245283
443,740.8497652582159,526.5117370892019,845.6197183098592,761.0798122065728,487.48826291079814,1728.4929577464789,680.5680751173709,1540.5727699530516,596.6009389671361
444,662.2594339622641,532.0990566037735,848.2452830188679,779.7358490566038,490.87735849056605,1751.9528301886792,673.9103773584906,1554.4575471698113,587.5283018867924
445,632.5915492957746,553.868544600939,861.7323943661971,765.413145539906,499.65727699530515,1748.24882629108,622.7089201877934,1535.8309859154929,583.9906103286385
446,577.9154929577464,529.586854460094,872.8967136150235,737.962441314554,507.9107981220657,1723.8169014084508,578.8075117370892,1552.9765258215962,603.1079812206573
447,553.0046728971963,538.981308411215,875.696261682243,694.5467289719626,516.1308411214953,1698.247663551402,585.7570093457944,1581.6495327102805,602.1822429906542
448,548.0607476635514,533.1028037383178,889.3317757009346,674.8598130841121,526.7897196261682,1698.7429906542056,608.6542056074767,1536.7570093457944,627.9158878504672
449,568.1635514018692,524.0514018691589,918.9205607476636,698.9532710280374,533.1495327102804,1731.607476635514,639.9719626168225,1485.03738317757,632.7663551401869
450,571.3364485981308,523.4953271028037,957.3785046728972,717.7757009345794,535.4158878504672,1784.8598130841121,639.1728971962617,1459.443925233645,625.303738317757
451,568.6807511737089,526.7511737089202,1005.2723004694835,711.3427230046948,545.1220657276996,1826.5633802816901,626.6150234741784,1429.2535211267605,622.0469483568075
452,606.353488372093,524.1860465116279,1017.0046511627907,722.6093023255814,567.7627906976744,1847.8837209302326,613.060465116279,1407.7348837209302,611.3674418604651
453,657.8186046511628,520.6651162790698,995.4372093023255,758.8046511627907,584.2,1833.0976744186046,604.1627906976744,1445.4883720930231,624.9813953488372
454,735.1906976744186,521.4279069767442,934.953488372093,730.0372093023256,580.6186046511627,1784.1813953488372,591.1860465116279,1484.7302325581395,635.9023255813953
455,787.0841121495328,525.3644859813085,896.7149532710281,660.4532710280374,575.3971962616822,1736.9392523364486,596.2757009345794,1491.0841121495328,623.8084112149533
456,832.0794392523364,520.2336448598131,882.6448598130842,679.8411214953271,561.2663551401869,1688.8177570093458,613.6869158878504,1481.4719626168223,618.9158878504672
457,843.3364485981308,505.6448598130841,899.1121495327103,718.803738317757,558.481308411215,1691.7009345794393,613.696261682243,1440.5700934579438,620.4205607476636
458,780.3744075829384,499.2796208530806,899.8199052132701,693.0,574.3127962085308,1743.2322274881517,601.4170616113744,1387.3791469194314,634.9478672985782
459,744.6445497630332,489.3981042654028,892.0094786729858,688.3364928909953,585.568720379147,1739.5734597156397,584.3507109004739,1301.5260663507108,638.1848341232228
460,733.7285714285714,489.93333333333334,911.995238095238,657.7857142857143,588.8952380952381,1765.1666666666667,587.7571428571429,1260.7761904761905,630.0285714285715
461,720.2057416267943,476.20574162679424,943.7320574162679,628.6698564593302,577.5741626794259,1784.1818181818182,577.1866028708134,1237.7224880382776,653.7368421052631
462,708.536231884058,479.17391304347825,944.5072463768116,618.1884057971015,570.4975845410628,1807.3188405797102,558.7342995169082,1242.4589371980676,658.6425120772947
463,687.5072463768116,478.4347826086956,951.7391304347826,597.0193236714975,565.2222222222222,1830.9806763285023,560.9661835748792,1225.6666666666667,662.6183574879227
464,664.5436893203884,466.0,955.8592233009708,591.5339805825242,560.2961165048544,1849.2572815533981,574.1359223300971,1216.2281553398059,642.5679611650486
465,700.0243902439024,462.1219512195122,927.6439024390244,583.6,556.4146341463414,1836.0439024390244,569.6682926829268,1213.1512195121952,650.0146341463415
466,749.7990196078431,460.4852941176471,930.093137254902,578.0490196078431,550.7058823529412,1821.578431372549,545.4411764705883,1203.828431372549,657.0
467,774.2009803921569,463.921568627451,944.4313725490196,582.5735294117648,553.2696078431372,1845.0441176470588,521.9411764705883,1185.8725490196077,656.1519607843137
468,742.2623762376238,471.5792079207921,934.6732673267327,603.6930693069307,557.7920792079208,1903.618811881188,532.0,1169.0940594059407,639.6831683168317
469,701.480198019802,480.48514851485146,917.2524752475248,610.6039603960396,559.1930693069307,1967.2970297029703,553.009900990099,1146.7079207920792,639.5940594059406
470,658.5771144278607,491.5273631840796,927.0398009950248,600.1592039800995,564.776119402985,1971.1442786069651,559.363184079602,1126.6716417910447,656.2388059701492
471,617.1144278606965,492.18905472636817,950.0895522388059,609.9850746268656,579.3383084577115,1905.726368159204,547.9502487562189,1123.0497512437812,667.3781094527363
472,636.195,470.135,966.16,600.615,574.52,1854.08,534.485,1130.18,654.825
473,647.3869346733668,466.356783919598,988.0904522613065,566.7738693467337,567.0603015075377,1793.6532663316582,529.9899497487437,1122.7688442211056,662.7889447236181
474,682.9346733668342,469.643216080402,981.1658291457286,550.8190954773869,562.7587939698492,1741.9195979899498,531.6030150753769,1087.5075376884422,661.2964824120603
475,677.8939393939394,468.12626262626264,945.4848484848485,547.3080808080808,561.3080808080808,1765.7878787878788,515.2676767676768,1034.3080808080808,653.9242424242424
476,642.5454545454545,470.520202020202,903.540404040404,540.7525252525253,564.5505050505051,1819.9242424242425,483.050505050505,1002.979797979798,655.9191919191919
477,583.0,463.0253807106599,878.4619289340102,524.0710659898477,569.9035532994924,1836.238578680203,461.73604060913704,968.1573604060914,683.746192893401
478,597.219387755102,459.9234693877551,912.4795918367347,515.3979591836735,568.3010204081633,1826.9336734693877,457.4438775510204,930.1071428571429,689.2091836734694
479,673.6989795918367,456.71938775510205,932.8163265306123,523.1938775510204,565.4489795918367,1839.7448979591836,465.91326530612247,909.4030612244898,670.3316326530612
480,729.0979381443299,468.07216494845363,905.0,511.03092783505156,562.4742268041238,1843.1288659793815,482.55670103092785,892.6443298969073,646.9536082474227
481,698.3814432989691,466.3917525773196,844.1494845360825,489.25773195876286,565.340206185567,1801.7680412371135,485.3453608247423,883.8659793814433,679.3659793814433
482,652.5544041450777,464.14507772020727,823.9896373056995,479.2849740932642,568.6787564766839,1753.259067357513,473.04663212435236,877.3730569948186,706.2383419689119
483,658.7604166666666,460.3125,808.6302083333334,486.1614583333333,565.828125,1747.4270833333333,460.40625,844.453125,707.2239583333334
484,697.0157068062828,456.4083769633508,794.1361256544502,493.05759162303667,559.2513089005236,1765.8795811518326,453.6806282722513,806.1937172774869,710.2408376963351
485,696.4920634920635,461.010582010582,809.042328042328,493.5820105820106,555.7883597883598,1783.1904761904761,474.0740740740741,793.1904761904761,703.2116402116402
486,686.7777777777778,467.8888888888889,851.5396825396825,494.1216931216931,555.989417989418,1773.952380952381,492.51851851851853,787.1322751322751,721.1904761904761
487,704.0641711229947,471.14438502673795,854.1711229946524,497.39572192513367,558.9251336898395,1728.4919786096257,473.8770053475936,768.1016042780749,748.336898395722
488,693.9251336898395,474.7647058823529,852.9465240641712,469.5347593582888,556.2620320855615,1684.566844919786,474.57754010695186,758.9197860962566,764.6684491978609
489,653.2,474.1459459459459,821.3081081081081,447.427027027027,552.3621621621621,1665.4378378378378,470.2108108108108,745.4594594594595,750.5027027027027
490,655.0655737704918,468.0273224043716,810.8032786885246,451.3551912568306,546.6994535519126,1652.2896174863388,450.8688524590164,717.1475409836065,730.4207650273224
491,682.9285714285714,467.5824175824176,784.6153846153846,450.8956043956044,542.3956043956044,1649.89010989011,444.6758241758242,677.489010989011,708.8021978021978
492,760.8618784530387,454.1491712707182,756.3480662983426,449.76243093922653,537.2044198895028,1646.2596685082874,435.7513812154696,626.878453038674,692.0497237569061
493,757.376404494382,461.9943820224719,763.9101123595506,422.65168539325845,528.2977528089888,1628.561797752809,428.02247191011236,569.9101123595506,690.1685393258427
494,687.6875,460.01704545454544,749.2556818181819,408.02272727272725,519.4772727272727,1590.1477272727273,420.6363636363636,565.8238636363636,686.3636363636364
495,717.5260115606936,464.59537572254334,745.606936416185,412.32947976878614,520.0231213872833,1583.421965317919,415.35260115606934,580.4450867052024,688.4393063583815
496,773.9356725146199,468.2046783625731,772.3684210526316,392.30409356725147,511.4736842105263,1595.766081871345,412.01169590643275,586.8187134502924,663.578947368421
497,770.9166666666666,471.17261904761904,776.7202380952381,365.1011904761905,505.4642857142857,1592.9404761904761,407.86309523809524,561.9404761904761,643.7202380952381
498,787.5542168674699,474.2530120481928,752.8614457831326,373.7831325301205,504.98192771084337,1581.8975903614457,409.19879518072287,530.7349397590361,643.9457831325301
499,814.5925925925926,482.6111111111111,741.6604938271605,371.4753086419753,493.38271604938274,1564.70987654321,414.3333333333333,508.18518518518516,654.5617283950618
500,806.5911949685535,511.8993710691824,761.1320754716982,365.45911949685535,473.38993710691824,1543.132075471698,420.58490566037733,500.8553459119497,637.4842767295597
501,745.1282051282051,518.7307692307693,792.3076923076923,368.7371794871795,464.5576923076923,1540.570512820513,414.1730769230769,498.2628205128205,648.8269230769231
502,730.1513157894736,496.67105263157896,812.7236842105264,351.0986842105263,476.74342105263156,1560.7105263157894,406.85526315789474,468.82894736842104,646.4605263157895
503,703.8533333333334,474.14666666666665,806.2733333333333,346.1333333333333,490.58,1556.3466666666666,400.94,456.38666666666666,630.34
504,648.0972222222222,465.625,808.7361111111111,355.8263888888889,481.7638888888889,1586.2847222222222,399.9513888888889,457.5138888888889,641.9027777777778
505,724.669014084507,471.16901408450707,776.6971830985915,357.6619718309859,473.7535211267606,1556.4577464788733,393.76056338028167,446.3380281690141,628.4718309859155
506,819.2246376811594,463.2391304347826,741.6739130434783,360.9927536231884,475.68840579710144,1557.1884057971015,412.0144927536232,447.22463768115944,596.4347826086956
507,781.812030075188,469.593984962406,735.8947368421053,365.78195488721803,458.5187969924812,1512.857142857143,434.7894736842105,462.82706766917295,589.9699248120301
508,733.9307692307692,469.11538461538464,732.9153846153846,346.54615384615386,439.83846153846156,1413.3846153846155,435.4230769230769,464.9846153846154,594.9384615384615
509,722.5590551181102,470.6456692913386,735.6692913385826,322.93700787401576,449.46456692913387,1365.1102362204724,441.7716535433071,464.9448818897638,601.511811023622
510,697.7438016528926,459.58677685950414,763.2479338842975,316.1818181818182,444.1322314049587,1339.099173553719,435.02479338842977,450.5206611570248,597.2479338842975
511,667.8290598290598,455.63247863247864,765.3589743589744,319.71794871794873,427.15384615384613,1298.2991452991453,417.1794871794872,419.1111111111111,577.1196581196581
512,621.8771929824561,453.4824561403509,747.3684210526316,325.8157894736842,427.6929824561403,1312.9035087719299,403.2543859649123,397.9298245614035,568.2280701754386
513,640.0642201834862,458.73394495412845,744.4770642201835,324.4770642201835,446.42201834862385,1383.559633027523,399.9633027522936,389.2201834862385,570.1100917431193
514,685.1386138613861,468.0,696.5049504950495,329.2178217821782,467.4257425742574,1367.3465346534654,400.26732673267327,410.2277227722772,568.2871287128713
515,717.4111111111112,468.96666666666664,684.5333333333333,350.43333333333334,459.27777777777777,1255.6,401.6111111111111,457.23333333333335,568.2777777777778
516,630.2142857142857,473.3333333333333,696.5357142857143,349.5,433.6547619047619,1214.154761904762,406.1904761904762,470.0238095238095,593.047619047619
517,694.170731707317,460.0731707317073,665.670731707317,339.5975609756098,427.4878048780488,1161.8902439024391,399.9146341463415,440.0121951219512,605.3780487804878
518,763.2151898734177,451.8101265822785,686.5316455696203,333.7721518987342,428.9620253164557,1174.1645569620252,389.8481012658228,406.49367088607596,604.6455696202531
519,658.6923076923077,427.3076923076923,708.4230769230769,324.53846153846155,428.2435897435897,1172.179487179487,383.0128205128205,401.97435897435895,615.5384615384615
520,533.2368421052631,434.92105263157896,696.3947368421053,315.9868421052632,427.44736842105266,1194.5263157894738,387.8421052631579,412.75,604.3947368421053
521,537.986301369863,422.64383561643837,682.8767123287671,328.3972602739726,425.45205479452056,1196.3287671232877,377.64383561643837,407.13698630136986,622.4246575342465
522,609.2816901408451,442.7464788732394,719.2394366197183,355.7323943661972,425.16901408450707,1192.7042253521126,368.76056338028167,398.28169014084506,611.5633802816901
523,690.768115942029,458.4347826086956,778.6376811594203,375.7536231884058,417.39130434782606,1164.8115942028985,368.2173913043478,392.1449275362319,625.6231884057971
524,687.047619047619,439.76190476190476,779.7142857142857,380.25396825396825,412.6666666666667,1189.5396825396826,368.3174603174603,382.14285714285717,617.8412698412699
525,622.542372881356,445.22033898305085,712.8305084745763,352.33898305084745,407.3050847457627,1204.3898305084747,352.79661016949154,356.9491525423729,626.7796610169491
526,536.7924528301887,437.0377358490566,692.3207547169811,340.0377358490566,408.4339622641509,1205.698113207547,347.07547169811323,336.3207547169811,645.9245283018868
527,540.9791666666666,449.2291666666667,706.1875,339.625,408.3125,1205.2083333333333,348.6666666666667,325.875,640.3541666666666
528,523.3333333333334,445.8809523809524,749.3571428571429,346.3809523809524,410.1190476190476,1199.2619047619048,366.42857142857144,338.9047619047619,644.3809523809524
529,512.6,416.4,689.05,368.1,391.0,1146.025,363.2,352.95,663.25
530,498.39473684210526,413.7368421052632,627.1052631578947,391.7631578947368,380.94736842105266,1110.9736842105262,348.9736842105263,325.39473684210526,694.1578947368421
531,540.0833333333334,411.19444444444446,584.5,367.47222222222223,379.94444444444446,1117.861111111111,347.4166666666667,294.30555555555554,732.9722222222222
532,593.8,402.22857142857146,579.4571428571429,315.54285714285714,371.0571428571429,1109.6,346.4,288.2,729.4
533,614.3333333333334,396.8787878787879,614.0909090909091,324.1212121212121,363.6969696969697,1074.7575757575758,341.27272727272725,282.8484848484849,739.7272727272727
534,602.4516129032259,392.03225806451616,716.483870967742,336.0,356.4516129032258,1032.8709677419354,328.3225806451613,272.9032258064516,742.4516129032259
535,558.9333333333333,419.8666666666667,774.5,320.3333333333333,350.0,1018.0666666666667,329.8333333333333,290.96666666666664,722.3666666666667
536,527.7857142857143,399.92857142857144,760.0714285714286,301.25,355.14285714285717,1073.142857142857,349.92857142857144,296.14285714285717,759.5
537,627.4074074074074,421.6666666666667,731.6296296296297,289.037037037037,374.48148148148147,1086.148148148148,352.3703703703704,290.55555555555554,801.5555555555555
538,715.52,411.6,728.4,290.6,401.28,1067.48,372.08,310.32,760.96
539,652.8333333333334,381.625,690.75,296.0,395.1666666666667,1062.875,368.4583333333333,303.625,803.5833333333334
540,667.9545454545455,367.54545454545456,697.7727272727273,292.0,365.90909090909093,1101.6363636363637,370.77272727272725,279.8181818181818,856.8636363636364
541,638.5454545454545,374.95454545454544,698.6818181818181,283.59090909090907,341.77272727272725,1045.9545454545455,355.95454545454544,258.72727272727275,901.6363636363636
542,631.8571428571429,393.5238095238095,721.5238095238095,285.6190476190476,351.3809523809524,1120.3809523809523,336.2857142857143,241.71428571428572,913.4761904761905
543,609.3684210526316,391.5263157894737,653.8947368421053,295.57894736842104,372.7368421052632,1151.157894736842,323.0,234.21052631578948,888.9473684210526
544,576.6315789473684,384.2105263157895,574.6842105263158,284.7368421052632,360.0,1030.9473684210527,333.05263157894734,233.31578947368422,830.8947368421053
545,569.0,374.94444444444446,615.8333333333334,278.55555555555554,359.72222222222223,1063.6666666666667,359.0,239.22222222222223,802.8333333333334
546,561.2941176470588,376.2352941176471,599.2941176470588,277.2352941176471,356.0,1048.5294117647059,351.94117647058823,220.23529411764707,762.9411764705883
547,598.125,378.5,561.25,285.5625,345.75,984.75,344.8125,201.5625,743.375
548,661.5333333333333,385.26666666666665,534.4666666666667,288.53333333333336,334.4,924.8,339.6666666666667,212.73333333333332,733.2
549,734.8,407.6,499.6,283.73333333333335,326.1333333333333,809.7333333333333,336.6666666666667,202.4,741.6
550,745.6923076923077,391.6923076923077,513.9230769230769,288.0769230769231,333.53846153846155,760.6923076923077,327.46153846153845,178.23076923076923,710.2307692307693
551,588.1538461538462,376.61538461538464,498.38461538461536,280.7692307692308,331.38461538461536,697.7692307692307,316.2307692307692,163.92307692307693,736.0
552,570.0,355.25,455.1666666666667,267.5833333333333,360.75,700.25,316.4166666666667,155.83333333333334,752.0
553,474.4,415.2,432.6,258.2,325.9,734.3,306.9,151.6,713.5
554,477.55555555555554,346.44444444444446,425.3333333333333,262.22222222222223,307.1111111111111,682.0,327.44444444444446,151.0,748.3333333333334
555,408.125,331.875,381.0,247.875,291.625,692.625,329.5,148.125,852.375
556,355.875,314.75,333.25,230.875,293.625,658.0,288.25,146.0,852.125
557,332.0,308.6666666666667,295.5,215.16666666666666,304.3333333333333,640.0,275.3333333333333,135.5,726.6666666666666
558,355.0,276.2,243.2,209.6,298.4,589.0,293.2,140.2,674.4
559,305.75,292.25,228.0,203.5,264.5,552.5,275.25,137.5,727.5
560,305.5,284.0,241.5,169.0,231.0,450.5,237.0,138.0,806.0
